i,코드,상품명,거래소,
1118,BIGB,Roundhill Big Bank ETF,나스닥 증권거래소
1271,BNDI,NEOS Enhanced Income Aggregate Bond ETF,아멕스 증권거래소
3801,FTBD,Fidelity Tactical Bond ETF,아멕스 증권거래소
4049,GGOV,Goldman Sachs Access US Treasury Bd ETF,아멕스 증권거래소
4345,GUST,Goldman Sachs Access Treasury 0 To 6 Month ETF,뉴욕 거래소
5298,JEPQ,JPMorgan Nasdaq Equity Premium Income ETF,나스닥 증권거래소
6293,MOOD,Relative Sentiment Tactical Allocation ETF,아멕스 증권거래소
7377,PGRO,Putnam Focused Large Cap Growth ETF,아멕스 증권거래소
9019,STGF,Merk Stagflation ETF,아멕스 증권거래소
9110,SWEB,AXS Short China Internet ETF,나스닥 증권거래소
9173,TARK,AXS 2X Innovation ETF,나스닥 증권거래소
9751,UPWD,JPMorgan Social Advancement ETF,나스닥 증권거래소
9779,USCA,Xtrackers MSCI USA Climate Action Equity ETF,아멕스 증권거래소
10115,VTES,Vanguard Short-Term Tax-Exempt Bond ETF,아멕스 증권거래소
