DB_NAME,DB_MARKET,NAME,DESC,MARKET
LJAQU,O,없음,없음,없음,
TUEM,O,없음,없음,없음,
PCSB,O,없음,없음,없음,
CORZ,O,없음,없음,없음,
HMLP_pa,K,없음,없음,없음,
QTNT,O,없음,없음,없음,
GLBLU,O,없음,없음,없음,
GLBL,O,없음,없음,없음,
EGLE,O,EGLE,이글 벌크 쉬핑,뉴욕 거래소,
OYST,O,없음,없음,없음,
GE_w,없음,없음,없음,없음,
GEHCV,O,없음,없음,없음,
DNAY,O,없음,없음,없음,
MPAC,O,없음,없음,없음,
SPNE,O,없음,없음,없음,
MPACU,O,없음,없음,없음,
MPACR,O,없음,없음,없음,
RIGZ,K,없음,없음,없음,
POSH,O,없음,없음,없음,
DRAY,O,없음,없음,없음,
FLRU,K,없음,없음,없음,
DRAYU,O,없음,없음,없음,
PKBO,O,없음,없음,없음,
CCNC,O,없음,없음,없음,
MTBC,O,없음,없음,없음,
MTBCP,O,없음,없음,없음,
PQIN,K,없음,없음,없음,
MTBCO,O,없음,없음,없음,
SMFR,O,없음,없음,없음,
IGAC,O,없음,없음,없음,
IGACU,O,없음,없음,없음,
RSF_r_w,없음,없음,없음,없음,
STAB,O,SLNG,Stabilis Solutions Inc,나스닥 증권거래소,
AERC,O,AER,AerCap Holdings NV,뉴욕 거래소,
IMGO,O,없음,없음,없음,
EKAR,K,없음,없음,없음,
POW,O,POW,페트로베트남 전력공사,호치민 거래소,
EPHY,O,없음,없음,없음,
RSXJ,K,없음,없음,없음,
EPHYU,O,없음,없음,없음,
RSX,없음,없음,없음,없음,
PACXU,O,없음,없음,없음,
PACX,O,없음,없음,없음,
POWRU,O,없음,없음,없음,
USER,K,User Local Inc,3984,도쿄 거래소,
PFXNL,O,없음,없음,없음,
FCAX_u,K,없음,없음,없음,
FOMO,K,없음,없음,없음,
FNI,없음,없음,없음,없음,
FINM,O,없음,없음,없음,
FINMU,O,없음,없음,없음,
DLCAU,O,없음,없음,없음,
RVAC,O,없음,없음,없음,
DLCA,O,DLC Asia Ltd,08210,홍콩 거래소,
REVBU,O,없음,없음,없음,
JEF_w,없음,없음,없음,없음,
IUSA,K,없음,없음,없음,
FCAX,K,없음,없음,없음,
PSB_px,없음,없음,없음,없음,
IDRA,O,없음,없음,없음,
BTCR,K,없음,없음,없음,
AUB,O,AUB,아틀란틱 유니온 뱅크셰어스,뉴욕 거래소,
AUBAP,O,AUBAP,애틀랜틱 유니온 뱅크셰어스 우선주 시리즈 A 6.875%,나스닥 증권거래소,
VLNS,O,없음,없음,없음,
PSB_pz,없음,없음,없음,없음,
PSB_py,없음,없음,없음,없음,
PRTY,K,없음,없음,없음,
VIVE,O,VHAQ,Viveon Health Acquisition Corp,아멕스 증권거래소,
TCDA,O,없음,없음,없음,
GPCO,O,없음,없음,없음,
AEAC,O,없음,없음,없음,
AEACU,O,없음,없음,없음,
VGFC,O,없음,없음,없음,
HDIV,K,없음,없음,없음,
TZPSU,O,없음,없음,없음,
DSPC,O,없음,없음,없음,
TZPS,O,없음,없음,없음,
CIXX,K,없음,없음,없음,
MMX,없음,없음,없음,없음,
AVEO,O,없음,없음,없음,
AVCT,O,없음,없음,없음,
AYLA,O,없음,없음,없음,
RKLY,K,없음,없음,없음,
BNFT,O,없음,없음,없음,
SFET,O,없음,없음,없음,
JCIC,O,없음,없음,없음,
APXH,K,없음,없음,없음,
THAC,O,THAC,쓰라이브 애퀴지션,나스닥 증권거래소,
THACU,O,THACU,Thrive Acquisition Units,나스닥 증권거래소,
GIACU,O,GIACU,Gesher I Acquisition Units,나스닥 증권거래소,
GIAC,O,GIACU,Gesher I Acquisition Units,나스닥 증권거래소,
BCOR,O,없음,없음,없음,
NAACU,O,없음,없음,없음,
MEAC,O,없음,없음,없음,
NAAC,O,없음,없음,없음,
MEACU,O,없음,없음,없음,
RSF_r,없음,없음,없음,없음,
SVFA,O,없음,없음,없음,
SVFAU,O,없음,없음,없음,
HSAQ,O,없음,없음,없음,
FOXWU,O,없음,없음,없음,
RYSE,K,RYSE,Cboe Vest 10 Year Interest Rate Hedge ETF,아멕스 증권거래소,
FOXW,O,없음,없음,없음,
DNZ,없음,없음,없음,없음,
CMCTP,O,없음,없음,없음,
DNZ_u,없음,없음,없음,없음,
EXN,없음,없음,없음,없음,
JAGG,K,없음,없음,없음,
HYLV,K,없음,없음,없음,
PRBM_u,K,없음,없음,없음,
CPARU,O,없음,없음,없음,
MCRO,K,없음,없음,없음,
VIVO,O,VVOS,Vivos Therapeutics Inc,나스닥 증권거래소,
QMN,없음,없음,없음,없음,
PFHD,O,없음,없음,없음,
TWND_u,K,없음,없음,없음,
PRBM,K,없음,없음,없음,
QLS,없음,없음,없음,없음,
CPAR,O,없음,없음,없음,
JIGB,K,없음,없음,없음,
ELAT,K,Elate Holdings Ltd,00076,홍콩 거래소,
APN_u,없음,없음,없음,없음,
QED,없음,없음,없음,없음,
TWND,K,없음,없음,없음,
APN,없음,없음,없음,없음,
MFGP,K,없음,없음,없음,
JPHY,K,없음,없음,없음,
ASAP,O,없음,없음,없음,
KLCD,K,없음,없음,없음,
TTM,없음,TTMI,TTM 테크놀로지스,나스닥 증권거래소,
DTRTU,O,없음,없음,없음,
DTRT,O,없음,없음,없음,
KSCD,K,없음,없음,없음,
KNBE,O,없음,없음,없음,
SJI,없음,SJIM,Inverse Cramer Tracker ETF,아멕스 증권거래소,
SCMA,O,없음,없음,없음,
BIOTU,O,없음,없음,없음,
MIT_u,없음,없음,없음,없음,
BIOT,O,바이오패스포트,BIOT,빗썸,
ARCK,O,없음,없음,없음,
SCMAU,O,없음,없음,없음,
AHPI,O,없음,없음,없음,
ARCKU,O,없음,없음,없음,
MIT,없음,MIT,038340,코스닥,
CEA,없음,CEAD,CEA 인더스트리스,나스닥 증권거래소,
ZNH,없음,없음,없음,없음,
CNNB,O,없음,없음,없음,
STOR,K,Storage-Oh Co Ltd,2997,도쿄 거래소,
HYRE,O,없음,없음,없음,
PONOU,O,없음,없음,없음,
BFRG,O,BFRG,불프로그 AI 홀딩스,나스닥 증권거래소,
HZN,없음,HZNP,호라이즌 테라퓨틱스,나스닥 증권거래소,
MTCR,O,없음,없음,없음,
GSQD,K,없음,없음,없음,
GSQD_u,K,없음,없음,없음,
QUMU,O,없음,없음,없음,
ADRA_u,K,없음,없음,없음,
SCOB,O,없음,없음,없음,
SCOBU,O,없음,없음,없음,
ADRA,K,없음,없음,없음,
FUE,없음,FCEL,Fuelcell Energy Inc,나스닥 증권거래소,
PFDRU,O,없음,없음,없음,
IPAXU,O,없음,없음,없음,
GRU,없음,ASR,Grupo Aeroportuario del Sureste SAB de CV ADR,뉴욕 거래소,
UBCB,K,없음,없음,없음,
FFBW,O,없음,없음,없음,
VLDR,O,없음,없음,없음,
WQGA,K,없음,없음,없음,
WQGA_u,K,없음,없음,없음,
IPAX,O,없음,없음,없음,
FEMA,O,FEMY,Femasys Inc,나스닥 증권거래소,
AEHAU,O,없음,없음,없음,
AEHA,O,없음,없음,없음,
CTAQU,O,없음,없음,없음,
CTAQ,O,없음,없음,없음,
ITQ,O,ITQ,티엔꽝그룹,하노이 거래소,
ITQRU,O,없음,없음,없음,
CENQU,O,없음,없음,없음,
ACDI_u,K,없음,없음,없음,
LGTOU,O,없음,없음,없음,
LGTO,O,없음,없음,없음,
SODR,O,없음,없음,없음,
KIO_r,없음,없음,없음,없음,
AVYA,K,없음,없음,없음,
REED,O,없음,없음,없음,
ACDI,K,없음,없음,없음,
PTNR,O,없음,없음,없음,
CENQ,O,없음,없음,없음,
FNTC,K,없음,없음,없음,
TYNE,K,없음,없음,없음,
MCAER,O,없음,없음,없음,
DOZR,K,없음,없음,없음,
USI,없음,USIO,Usio Inc,나스닥 증권거래소,
MSAC,O,없음,없음,없음,
CHAD,K,없음,없음,없음,
NVSAU,O,없음,없음,없음,
LGAC,O,없음,없음,없음,
LGACU,O,없음,없음,없음,
SDGS,K,없음,없음,없음,
NVSA,O,없음,없음,없음,
WEBR,K,없음,없음,없음,
SRNE,O,없음,없음,없음,
ONEM,O,OMF,OneMain Holdings Inc,뉴욕 거래소,
PAYA,O,없음,없음,없음,
IIVIP,O,없음,없음,없음,
LHCG,O,없음,없음,없음,
IMRA,O,없음,없음,없음,
FTAAU,O,없음,없음,없음,
FTAA,O,없음,없음,없음,
CPAQU,O,없음,없음,없음,
CPAQ,O,없음,없음,없음,
CINC,O,CINC,4378,도쿄 거래소,
NYX,O,NYXH,Nyxoah SA,나스닥 증권거래소,
DCRDU,O,없음,없음,없음,
ANAC,K,Anacle Systems Ltd,08353,홍콩 거래소,
SDGA,K,없음,없음,없음,
RFP,없음,RF PR B,리전스 파이낸셜 우선주 시리즈 B,뉴욕 거래소,
RNERU,O,없음,없음,없음,
NEE_pp,없음,없음,없음,없음,
PICC_u,K,없음,없음,없음,
RNER,O,없음,없음,없음,
COUP,O,CPNG,Coupang Inc,뉴욕 거래소,
ACWF,K,없음,없음,없음,
TPBA,O,없음,없음,없음,
TPBAU,O,없음,없음,없음,
KMPH,O,없음,없음,없음,
ELVT,K,없음,없음,없음,
PICC,K,PICC Property and Casualty Co Ltd Class H,02328,홍콩 거래소,
ABGI,O,없음,없음,없음,
NFTZ,K,없음,없음,없음,
IRL,없음,없음,없음,없음,
CYRN,O,없음,없음,없음,
ALBO,O,없음,없음,없음,
SJIV,K,없음,없음,없음,
EBACU,O,없음,없음,없음,
OPNT,O,없음,없음,없음,
EBAC,O,없음,없음,없음,
SJIJ,K,없음,없음,없음,
SLND,O,SLND,사우스랜드 홀딩스,아멕스 증권거래소,
IBER_u,K,없음,없음,없음,
IBER,K,없음,없음,없음,
UMPQ,O,없음,없음,없음,
COWN,O,없음,없음,없음,
COWNL,O,없음,없음,없음,
HPX_u,없음,없음,없음,없음,
FTEV,K,없음,없음,없음,
MLAI,O,없음,없음,없음,
MLAIU,O,없음,없음,없음,
DGL,없음,DGLY,디지털 앨리,나스닥 증권거래소,
DBS,없음,없음,없음,없음,
LHDX,O,없음,없음,없음,
FTEV_u,K,없음,없음,없음,
OIIM,O,없음,없음,없음,
DBV,없음,DBVT,DBV 테크놀로지스 ADR,나스닥 증권거래소,
LOKM,K,없음,없음,없음,
LOKM_u,K,없음,없음,없음,
CNCE,O,없음,없음,없음,
GNTY,O,GNTY,개런티 뱅크셰어스,뉴욕 거래소,
RUBY,O,없음,없음,없음,
GET,O,GETR,Getaround Inc,뉴욕 거래소,
CAJ,없음,없음,없음,없음,
FRSG,O,없음,없음,없음,
CTRMV,O,없음,없음,없음,
TOROV,O,없음,없음,없음,
SESN,O,없음,없음,없음,
HERAU,O,없음,없음,없음,
FRSGU,O,없음,없음,없음,
HERA,O,Herald Holdings Ltd,00114,홍콩 거래소,
LION,O,LEV,Lion Electric Co,뉴욕 거래소,
LIONU,O,없음,없음,없음,
SRAX,O,없음,없음,없음,
WPCB,K,없음,없음,없음,
ESM,없음,ESMT,인게이지스마트,뉴욕 거래소,
ESM_u,없음,없음,없음,없음,
FCRD,O,없음,없음,없음,
FSTX,O,없음,없음,없음,
WPCA_u,K,없음,없음,없음,
WPCA,K,WPC,WP Carey Inc,뉴욕 거래소,
WPCB_u,K,없음,없음,없음,
SVFB,O,없음,없음,없음,
TMDI,O,없음,없음,없음,
DDF,없음,없음,없음,없음,
MYOV,K,없음,없음,없음,
PTOC,O,없음,없음,없음,
CLAA_u,K,없음,없음,없음,
HORIU,O,없음,없음,없음,
MGU,없음,없음,없음,없음,
AGGRU,O,없음,없음,없음,
AGGR,O,없음,없음,없음,
DEX,없음,DXCM,Dexcom Inc,나스닥 증권거래소,
BACA_u,K,없음,없음,없음,
PDOT_u,K,없음,없음,없음,
IVH,없음,없음,없음,없음,
CLAA,K,없음,없음,없음,
ACQR,O,없음,없음,없음,
PDOT,K,없음,없음,없음,
PTOCU,O,없음,없음,없음,
ACQRU,O,없음,없음,없음,
HORI,O,HBNC,Horizon Bancorp Inc,나스닥 증권거래소,
VVNT,K,없음,없음,없음,
IGR_r_w,없음,없음,없음,없음,
TBSAU,O,없음,없음,없음,
TBSA,O,없음,없음,없음,
HAPP,O,Happiness and D Co Ltd,3174,도쿄 거래소,
PME,O,PMEC,Primech Holdings Ltd,나스닥 증권거래소,
LEGA,O,LEGH,Legacy Housing Corp,나스닥 증권거래소,
GFLU,K,없음,없음,없음,
LEGAU,O,없음,없음,없음,
INPXV,O,없음,없음,없음,
ENAV,K,없음,없음,없음,
KINZ,O,없음,없음,없음,
QTEK,O,없음,없음,없음,
CXAIV,O,없음,없음,없음,
SMIHU,O,없음,없음,없음,
BGSX_u,K,없음,없음,없음,
KSI,O,없음,없음,없음,
BGSX,K,없음,없음,없음,
SMIH,O,없음,없음,없음,
AMAM,K,AMAM,앰브랙스 바이오파마 ADR,나스닥 증권거래소,
KSICU,O,없음,없음,없음,
FTPAU,O,없음,없음,없음,
AMOV,K,없음,없음,없음,
GWII,O,없음,없음,없음,
FTPA,O,없음,없음,없음,
FRONU,O,없음,없음,없음,
ZGEN,O,없음,없음,없음,
GXIIU,O,없음,없음,없음,
AAWW,O,없음,없음,없음,
JATT,K,없음,없음,없음,
JATT_u,K,없음,없음,없음,
LYLT,O,없음,없음,없음,
ALR,O,ALRM,알람닷컴 홀딩스,나스닥 증권거래소,
GRAY,O,GTN,Gray Television Inc,뉴욕 거래소,
GXII,O,없음,없음,없음,
VPCB,O,없음,없음,없음,
VPCBU,O,없음,없음,없음,
IAA,없음,없음,없음,없음,
ZEST,O,없음,없음,없음,
BLI,O,BLNK,Blink Charging Co,나스닥 증권거래소,
ISO,O,iSoftStone Information Technology Group Co Ltd Class A,301236,심천(선강퉁) 증권거래소,
LPI,없음,없음,없음,없음,
CIAN,K,없음,없음,없음,
INKA,O,없음,없음,없음,
DGNU,O,없음,없음,없음,
INKAU,O,없음,없음,없음,
LVRA,O,없음,없음,없음,
LVRAU,O,없음,없음,없음,
LDHA,O,없음,없음,없음,
LDHAU,O,없음,없음,없음,
OBSV,O,없음,없음,없음,
SIOX,O,없음,없음,없음,
NGC,없음,천연가스,NGcv1,에너지,
CRZN,O,없음,없음,없음,
SPKB,O,없음,없음,없음,
NID,없음,Nidec Corp,6594,도쿄 거래소,
STRE_u,K,없음,없음,없음,
STRE,K,STRM,Streamline Health Solutions Inc,나스닥 증권거래소,
RKTA,K,없음,없음,없음,
RKTA_u,K,없음,없음,없음,
CRZNU,O,없음,없음,없음,
SPKBU,O,없음,없음,없음,
EVOP,O,없음,없음,없음,
NGC_u,없음,없음,없음,없음,
SBNYP,O,없음,없음,없음,
IMAC,O,BACK,IMAC 홀딩스,나스닥 증권거래소,
CHAA_u,K,없음,없음,없음,
AIMC,O,없음,없음,없음,
PSYK,K,없음,없음,없음,
SIVB,O,없음,없음,없음,
SIVBP,O,없음,없음,없음,
ATCO,K,ATCOL,Atlas 7.125% Notes due 2027,나스닥 증권거래소,
TETC,O,없음,없음,없음,
TETCU,O,없음,없음,없음,
PHCF,O,없음,없음,없음,
GRCY,O,없음,없음,없음,
GRCYU,O,없음,없음,없음,
DISTU,O,없음,없음,없음,
JMACU,O,없음,없음,없음,
SGFY,K,없음,없음,없음,
MSDA,O,없음,없음,없음,
ANAC_u,K,없음,없음,없음,
MSDAU,O,없음,없음,없음,
IBCE,K,없음,없음,없음,
IBDD,K,없음,없음,없음,
ISEM,O,없음,없음,없음,
ISDX,O,없음,없음,없음,
IUSS,O,없음,없음,없음,
IVSG,K,없음,없음,없음,
IVLC,K,없음,없음,없음,
ADRE,O,없음,없음,없음,
IIGV,K,없음,없음,없음,
USEQ,K,없음,없음,없음,
AQGX,K,없음,없음,없음,
AHHX,K,없음,없음,없음,
BSCE,O,없음,없음,없음,
STAR_pi,K,없음,없음,없음,
STAR_pg,K,없음,없음,없음,
STAR_pd,K,없음,없음,없음,
SAFE_w,K,없음,없음,없음,
EWSC,K,SSP,E W Scripps Co,나스닥 증권거래소,
BSDE,O,없음,없음,없음,
IDLB,O,없음,없음,없음,
USLB,O,없음,없음,없음,
DCT,O,DCTH,델캐스 시스템즈,나스닥 증권거래소,
DWEQ,O,없음,없음,없음,
VLTA,K,없음,없음,없음,
IVDG,K,없음,없음,없음,
DHHCU,O,없음,없음,없음,
HOLD,K,없음,없음,없음,
AUY,없음,없음,없음,없음,
RAMMU,O,없음,없음,없음,
RJF_pa,없음,없음,없음,없음,
AGFS,O,없음,없음,없음,
RAM,O,METC,Ramaco Resources Inc Class A,나스닥 증권거래소,
CXT_w,없음,없음,없음,없음,
PLM_r,없음,없음,없음,없음,
IDHD,K,없음,없음,없음,
HYT_r_w,없음,없음,없음,없음,
HYT_r,없음,없음,없음,없음,
PLM_r_w,없음,없음,없음,없음,
APEN,O,없음,없음,없음,
QTT,O,없음,없음,없음,
IGR_r,없음,없음,없음,없음,
DMYS,K,DMYY,DMY Squared Technology Group Inc,아멕스 증권거래소,
DMYS_u,K,없음,없음,없음,
GIA,없음,GIA,긱캐피탈5,나스닥 증권거래소,
REVE,O,RCAC,Revelstone Capital Acquisition Corp,나스닥 증권거래소,
KVSC,O,없음,없음,없음,
REVEU,O,없음,없음,없음,
GLS,없음,GLSI,그리니치 라이프사이언스,나스닥 증권거래소,
GIA_u,없음,없음,없음,없음,
REMG,K,REM Group (Holdings) Ltd,01750,홍콩 거래소,
RBND,K,없음,없음,없음,
RDMX,K,없음,없음,없음,
NVCN,O,없음,없음,없음,
AMYT,O,없음,없음,없음,
GEEX,O,없음,없음,없음,
GEEXU,O,없음,없음,없음,
TCVA,O,없음,없음,없음,
BSGAR,O,없음,없음,없음,
BSGAU,O,없음,없음,없음,
VORB,O,VOR,Vor Biopharma Inc,나스닥 증권거래소,
PLXP,O,없음,없음,없음,
ENBA,K,없음,없음,없음,
NKG,없음,NKG,남킴철강,호치민 거래소,
DHR_pb,없음,없음,없음,없음,
NUO,없음,Nuode New Materials Co Ltd Class A,600110,상해(후강퉁) 증권거래소,
AWYX,K,없음,없음,없음,
EXD,없음,없음,없음,없음,
YTPG,K,없음,없음,없음,
ALL_pg,없음,없음,없음,없음,
DTEA,O,없음,없음,없음,
KAL,O,KALA,KALA BIO Inc,나스닥 증권거래소,
CIH,O,없음,없음,없음,
PAAS,O,PAAS,팬 아메리카 실버,뉴욕 거래소,
PANA,O,PAAS,Pan American Silver Corp,뉴욕 거래소,
PEAR,O,PRLH,Pearl Holdings Acquisition Corp,나스닥 증권거래소,
LCI,없음,LCII,LCI 인더스트리스,뉴욕 거래소,
ATCX,O,없음,없음,없음,
LCIN,PK,없음,없음,없음,
SPHR_w,K,없음,없음,없음,
CSH,없음,CSHI,NEOS Enhanced Income Cash Alternative ETF,아멕스 증권거래소,
TWNI_u,K,없음,없음,없음,
TWNI,K,TWNI,테일윈드 인터내셔널 애퀴지션,뉴욕 거래소,
SJR,없음,SJR,쇼 커뮤니케이션스,뉴욕 거래소,
CHRA,K,CHRA,샤라 솔루션스,뉴욕 거래소,
CHRB,K,CHRB,샤라 솔루션스 선순위 채권 8.500% 만기 2026년,뉴욕 거래소,
BOXD,K,BOXD,박스트,뉴욕 거래소,
CALC,O,CALC,캘시메디카,나스닥 증권거래소,
ASPU,O,ASPU,애스펀 그룹,나스닥 증권거래소,
TIOA,O,없음,없음,없음,
ONG,없음,온톨로지 가스,ONG,업비트,
TIG,O,TIG,탕롱투자그룹,하노이 거래소,
SWAR,K,없음,없음,없음,
TIOAU,O,없음,없음,없음,
BRKY,K,없음,없음,없음,
EVEN,K,EB,Eventbrite Inc,뉴욕 거래소,
MNM,없음,MNMD,마인드 메디슨,나스닥 증권거래소,
TIPD,K,없음,없음,없음,
TIPL,K,없음,없음,없음,
MSGR,K,MS Group Holdings Ltd,01451,홍콩 거래소,
DTLA_p,K,없음,없음,없음,
PANA,K,PAAS,Pan American Silver Corp,뉴욕 거래소,
PANA_u,K,없음,없음,없음,
BMAQU,O,없음,없음,없음,
IPVIU,O,없음,없음,없음,
BMAQR,O,없음,없음,없음,
BMAQ,O,없음,없음,없음,
DAM,O,Da Ming International Holdings Ltd,01090,홍콩 거래소,
IPVI,O,없음,없음,없음,
HZON_u,K,없음,없음,없음,
HZON,K,없음,없음,없음,
NHIC,O,없음,없음,없음,
EUCRU,O,없음,없음,없음,
EUCR,O,없음,없음,없음,
QQC,O,없음,없음,없음,
QQD,O,없음,없음,없음,
RTYD,K,없음,없음,없음,
VCLO,K,없음,없음,없음,
CIIGU,O,없음,없음,없음,
PRVB,O,없음,없음,없음,
CSII,O,없음,없음,없음,
CEMI,O,없음,없음,없음,
IBIT,O,없음,없음,없음,
TRAQ_u,K,없음,없음,없음,
TRAQ,K,없음,없음,없음,
LMST,O,없음,없음,없음,
INAQ,K,INAQ,인사이트 애퀴지션,나스닥 증권거래소,
INAQ_u,K,없음,없음,없음,
SKYA,O,없음,없음,없음,
SKYAU,O,없음,없음,없음,
ORIAU,O,없음,없음,없음,
ORIA,O,없음,없음,없음,
NESR,O,없음,없음,없음,
ADAL,O,없음,없음,없음,
ADALU,O,없음,없음,없음,
FRC_pl,없음,없음,없음,없음,
FRC,없음,없음,없음,없음,
FRC_ph,없음,없음,없음,없음,
OSH,없음,OSK,Oshkosh Corp,뉴욕 거래소,
FRC_pj,없음,없음,없음,없음,
FRC_pn,없음,없음,없음,없음,
FRC_pm,없음,없음,없음,없음,
FRC_pk,없음,없음,없음,없음,
FRC_pi,없음,없음,없음,없음,
BBBY,O,없음,없음,없음,
IQMDU,O,IQMDU,Intelligent Medicine Acquisition Units,나스닥 증권거래소,
BRIVU,O,BRIVU,B Riley Principal 250 Merger Units,나스닥 증권거래소,
BRIV,O,BRIV,B. 라일리 프린시펄 250 머저,나스닥 증권거래소,
JNCE,O,JNCE,자운스 테라퓨틱스,나스닥 증권거래소,
IQMD,O,IQMD,인텔리전트 메디슨 애퀴지션,나스닥 증권거래소,
MAXR,K,MAXR,막서 테크놀러지,뉴욕 거래소,
VLAT,O,VLAT,발로아 래티튜드 애퀴지션,나스닥 증권거래소,
VLATU,O,VLATU,Valor Latitude Acquisition Units,나스닥 증권거래소,
IBA,없음,IBA,Industrias Bachoco SAB de CV ADR,뉴욕 거래소,
EVOJU,O,없음,없음,없음,
EVOJ,O,없음,없음,없음,
TGR_u,없음,없음,없음,없음,
TGR,없음,TGRT,T Rowe Price Growth ETF,아멕스 증권거래소,
PGRW,O,없음,없음,없음,
PGRWU,O,없음,없음,없음,
SVNAU,O,없음,없음,없음,
SVNA,O,없음,없음,없음,
GVCI,O,없음,없음,없음,
GVCIU,O,없음,없음,없음,
IMV,O,IMV,7760,도쿄 거래소,
SI_pa,없음,없음,없음,없음,
LVACU,O,없음,없음,없음,
TBMCU,O,없음,없음,없음,
LVAC,O,없음,없음,없음,
KNGS,K,없음,없음,없음,
SUMO,O,없음,없음,없음,
BNNRU,O,없음,없음,없음,
VYNT,O,없음,없음,없음,
BNNR,O,없음,없음,없음,
VMGAU,O,없음,없음,없음,
VMGA,O,없음,없음,없음,
TA,O,FDAT,Tactical Advantage ETF,아멕스 증권거래소,
BSMX,K,없음,없음,없음,
VNTR,K,없음,없음,없음,
AUD,없음,호주 AUD,AUD,환전고시환율,
KGHG,K,없음,없음,없음,
GBRGU,O,없음,없음,없음,
GBRGR,O,없음,없음,없음,
MTCN,K,없음,없음,없음,
RAAS,K,없음,없음,없음,
APTX,O,없음,없음,없음,
AXAC,K,없음,없음,없음,
OBNK,O,없음,없음,없음,
CYAD,O,없음,없음,없음,
EQBK,O,EQBK,애퀴티 뱅크셰어스,뉴욕 거래소,
ABB,없음,ABBV,Abbvie Inc,뉴욕 거래소,
AILV,K,없음,없음,없음,
AILG,K,없음,없음,없음,
WKEYV,O,없음,없음,없음,
NH,O,NHN KCP,060250,코스닥,
ROCGU,O,없음,없음,없음,
AQUA,K,AQB,AquaBounty Technologies Inc,나스닥 증권거래소,
ATNX,O,없음,없음,없음,
SUBS,K,없음,없음,없음,
LTRY,O,LTRY,로터리닷컴,나스닥 증권거래소,
PSPC_u,K,없음,없음,없음,
PSPC,K,없음,없음,없음,
PNTM,K,없음,없음,없음,
PNTM_u,K,없음,없음,없음,
SIRE,K,BLCN,Siren Nasdaq NexGen Economy ETF,나스닥 증권거래소,
SGHL,O,없음,없음,없음,
SGHLU,O,없음,없음,없음,
AXAC_r,K,없음,없음,없음,
PUNK,K,없음,없음,없음,
MNTV,O,없음,없음,없음,
BRMK,K,없음,없음,없음,
BSX_pa,없음,없음,없음,없음,
BDXB,K,없음,없음,없음,
MDU_w,없음,없음,없음,없음,
BPACU,O,없음,없음,없음,
SPCM,O,없음,없음,없음,
SPCMU,O,없음,없음,없음,
BPAC,O,없음,없음,없음,
TANNL,O,없음,없음,없음,
TANNI,O,없음,없음,없음,
TANNZ,O,없음,없음,없음,
FISV,O,없음,없음,없음,
BLCM,O,없음,없음,없음,
STET,K,없음,없음,없음,
STET_u,K,없음,없음,없음,
AVACU,O,없음,없음,없음,
RONI_u,K,없음,없음,없음,
SCUA,K,없음,없음,없음,
SCUA_u,K,없음,없음,없음,
MTVC,K,없음,없음,없음,
MTVC_u,K,없음,없음,없음,
STSA,O,없음,없음,없음,
WEJO,O,없음,없음,없음,
JJC,없음,없음,없음,없음,
JJA,없음,없음,없음,없음,
LD,없음,LDI,론디포,뉴욕 거래소,
JJS,없음,JJSF,제이 앤 제이 스낵 푸즈,나스닥 증권거래소,
JJN,없음,없음,없음,없음,
SGG,없음,SG Group Holdings Ltd,01657,홍콩 거래소,
KSPN,O,없음,없음,없음,
STEL,O,STEL,스텔라 뱅코프,뉴욕 거래소,
SNRH,O,없음,없음,없음,
SNRHU,O,없음,없음,없음,
SLY,없음,SLYG,SPDR S&P 600 Small Cap Growth ETF,아멕스 증권거래소,
JJT,없음,없음,없음,없음,
JJG,없음,없음,없음,없음,
JJU,없음,없음,없음,없음,
SNMP,K,SNMP,Evolve Transition Infrastructure Units,아멕스 증권거래소,
JJE,없음,없음,없음,없음,
JJM,없음,없음,없음,없음,
BCM,없음,BCM,투자산업발전 JSC,호치민 거래소,
JO,없음,JOAN,조안,나스닥 증권거래소,
BAL,없음,밸런서,BAL,빗썸,
JJP,없음,없음,없음,없음,
NIB,없음,없음,없음,없음,
GAZ,없음,없음,없음,없음,
PGM,없음,없음,없음,없음,
OIL,없음,ODC,Oil-Dri Corporation of America,뉴욕 거래소,
COW,없음,COWG,Pacer US Large Cap Cash Cows Growth Leaders ETF,나스닥 증권거래소,
GSP,없음,GSP,국제가스운송,호치민 거래소,
RYT,없음,RYTM,리듬 파머수티컬스,나스닥 증권거래소,
RHS,없음,없음,없음,없음,
RCD,없음,없음,없음,없음,
RYE,없음,RYI,Ryerson Holding Corp,뉴욕 거래소,
RYH,없음,없음,없음,없음,
RTM,없음,없음,없음,없음,
RYF,없음,없음,없음,없음,
RGI,없음,없음,없음,없음,
RYU,없음,Ryukyu Asteeda Sports Club Co Ltd,7364,도쿄 거래소,
RONI,K,없음,없음,없음,
AVAC,O,없음,없음,없음,
EWRE,K,없음,없음,없음,
EWCO,K,없음,없음,없음,
SAVN,K,없음,없음,없음,
RJAC_u,K,없음,없음,없음,
RJAC,K,없음,없음,없음,
CS,없음,CS,065770,코스닥,
GTXAP,O,없음,없음,없음,
WLTH,K,없음,없음,없음,
HSKA,O,없음,없음,없음,
HTGM,O,없음,없음,없음,
UNAM,O,없음,없음,없음,
CYXT,O,없음,없음,없음,
RUTH,O,없음,없음,없음,
OXSQR,O,없음,없음,없음,
DCP_pb,없음,없음,없음,없음,
APTV_pa,K,없음,없음,없음,
ZT,O,ZTO,ZTO 익스프레스 (케이먼) ADR,뉴욕 거래소,
PTE,O,PTEN,패터슨-UTI 에너지,나스닥 증권거래소,
LITT,O,LFUS,Littelfuse Inc,나스닥 증권거래소,
ZTAQU,O,없음,없음,없음,
LITTU,O,없음,없음,없음,
CVT,O,CVT,CMC JSC,호치민 거래소,
MEKA,O,없음,없음,없음,
DCP,없음,DCP PR C,DCP 미드스트림 우선주 시리즈 C 7.950%,뉴욕 거래소,
GNE_pa,없음,없음,없음,없음,
GSQB_u,K,없음,없음,없음,
GSQB,K,없음,없음,없음,
MTAL_u,K,없음,없음,없음,
FIHD,K,없음,없음,없음,
PYPE,K,없음,없음,없음,
FIEE,K,없음,없음,없음,
MLACU,O,없음,없음,없음,
HCNE,O,없음,없음,없음,
HCNEU,O,없음,없음,없음,
HVBC,O,없음,없음,없음,
MLAC,O,없음,없음,없음,
AHRNU,O,없음,없음,없음,
AHRN,O,없음,없음,없음,
TOACU,O,없음,없음,없음,
TOAC,O,Toa Corp (Tokyo),1885,도쿄 거래소,
RXDX,O,없음,없음,없음,
SWEB,O,없음,없음,없음,
PFEL,O,없음,없음,없음,
SXTP,O,SXTP,60 디그리스 파마슈티컬스,나스닥 증권거래소,
PFES,O,없음,없음,없음,
SOGU,O,없음,없음,없음,
NKEL,O,없음,없음,없음,
NKEQ,O,없음,없음,없음,
PYPS,O,없음,없음,없음,
UVDV,K,없음,없음,없음,
ROCAR,O,없음,없음,없음,
OZON,O,없음,없음,없음,
HHR,O,HHRS,헤머헤드 에너지,나스닥 증권거래소,
ONCR,O,없음,없음,없음,
ROCAU,O,없음,없음,없음,
RNDM,O,없음,없음,없음,
METCV,O,없음,없음,없음,
MAAX,K,없음,없음,없음,
JUGGU,O,없음,없음,없음,
JUGG,O,없음,없음,없음,
HEXO,O,없음,없음,없음,
PBEE,K,없음,없음,없음,
PSMG,K,없음,없음,없음,
PSMB,K,없음,없음,없음,
CRYP,K,Crypto Flow Technology Ltd,08198,홍콩 거래소,
PBDM,K,없음,없음,없음,
PBSM,K,없음,없음,없음,
PSMC,K,없음,없음,없음,
PBND,K,없음,없음,없음,
PSMM,K,없음,없음,없음,
UAV,없음,UAVS,에이지이글 에어리얼 시스템,아멕스 증권거래소,
GNUS,O,없음,없음,없음,
FXCO,O,없음,없음,없음,
ONCS,O,없음,없음,없음,
TSLI,O,없음,없음,없음,
FXCOR,O,없음,없음,없음,
NIQ,없음,없음,없음,없음,
CTIC,O,없음,없음,없음,
ORFN,K,없음,없음,없음,
CISSV,O,없음,없음,없음,
METBV,O,없음,없음,없음,
RENN,K,RCG,RENN Fund,아멕스 증권거래소,
ROC,O,RCKT,Rocket Pharmaceuticals Inc,나스닥 증권거래소,
DBD,없음,DBD,다이볼드 닉스도르프,뉴욕 거래소,
ANGN,O,없음,없음,없음,
GBRG,O,없음,없음,없음,
IDME,K,없음,없음,없음,
CLXT,O,없음,없음,없음,
CDAK,O,CDAK,코디악 바이오사이언스,나스닥 증권거래소,
TYDE,O,없음,없음,없음,
JMAC,O,JMACS 재팬,5817,도쿄 거래소,
JWAC,O,없음,없음,없음,
KNF_w,없음,없음,없음,없음,
SUNFU,O,SUNFU,Sunfire Acquisition Units,나스닥 증권거래소,
SMSA,O,SMSA,삼사라 비전,나스닥 증권거래소,
RDTXU,O,RDTXU,Roman Dbdr Tech Acquisition Ii Units,나스닥 증권거래소,
GNRSU,O,GNRSU,Greenrose Acquisition Corp Unit,나스닥 증권거래소,
GNRS,O,GNRS,그린로즈 어퀴지션,나스닥 증권거래소,
SVNIU,O,SVNIU,Seven Islands Inc,나스닥 증권거래소,
NSPR,K,NSPR,인스파이어MD,아멕스 증권거래소,
BTC,없음,BTC,ClearShares Piton Intermediate Fixed Income ETF,아멕스 증권거래소,
VISN,O,VISN,Gyroscope Therapeutics Holdings PLC,나스닥 증권거래소,
SECD,K,없음,없음,없음,
ERYP,O,없음,없음,없음,
BLU,O,BLUA,블루리버 애퀴지션,아멕스 증권거래소,
XM,O,XMTR,조메트리,나스닥 증권거래소,
DHHC,O,없음,없음,없음,
STHOV,O,없음,없음,없음,
HLBZ,O,없음,없음,없음,
STAR,K,SBLK,Star Bulk Carriers Corp,나스닥 증권거래소,
VLON,O,없음,없음,없음,
MSGE_w,K,없음,없음,없음,
ATY,O,LIFE,aTyr Pharma Inc,나스닥 증권거래소,
BSGA,O,없음,없음,없음,
PRIM,O,PRIM,프리모리스 서비시스,뉴욕 거래소,
CR_w,없음,없음,없음,없음,
ROCG,O,없음,없음,없음,
LAESV,O,없음,없음,없음,
CIDM,O,없음,없음,없음,
AMV,O,AMV,아메리칸베트남바이오,하노이 거래소,
ANPC,O,없음,없음,없음,
INDT,O,없음,없음,없음,
BBLN,K,없음,없음,없음,
PWM,O,PWM,프레스티지 웰스,나스닥 증권거래소,
FTREV,O,없음,없음,없음,
BGCP,O,없음,없음,없음,
DNAD,O,없음,없음,없음,
SRGA,O,없음,없음,없음,
DNAB,O,없음,없음,없음,
TCFC,O,없음,없음,없음,
GSRMR,O,없음,없음,없음,
GSRM,O,없음,없음,없음,
GSRMU,O,없음,없음,없음,
BNSO,O,없음,없음,없음,
USX,없음,USXF,iShares ESG Advanced MSCI USA ETF,나스닥 증권거래소,
IIVI,K,없음,없음,없음,
LH_w,없음,없음,없음,없음,
EOCW_u,K,없음,없음,없음,
EOCW,K,없음,없음,없음,
QDYN,K,없음,없음,없음,
PHIN_w,K,없음,없음,없음,
BWA_w,없음,없음,없음,없음,
SQZ,없음,없음,없음,없음,
ERES,O,없음,없음,없음,
ERESU,O,없음,없음,없음,
ORCC,K,없음,없음,없음,
ROP,없음,ROP,로퍼 테크놀로지스,나스닥 증권거래소,
GOGN,K,없음,없음,없음,
GOGN_u,K,없음,없음,없음,
DSEY,O,없음,없음,없음,
BIDS,K,없음,없음,없음,
CORS,K,CRSR,Corsair Gaming Inc,나스닥 증권거래소,
TNP_pd,없음,없음,없음,없음,
RIDE,O,Ride On Express Holdings Co Ltd,6082,도쿄 거래소,
NYMX,O,없음,없음,없음,
EMGC,K,없음,없음,없음,
EMZA,K,없음,없음,없음,
IMBI,O,없음,없음,없음,
EMCA,K,없음,없음,없음,
EMCH,K,없음,없음,없음,
RE,없음,HAUS,Residential REIT ETF,아멕스 증권거래소,
GLTA,K,없음,없음,없음,
GLTA_u,K,없음,없음,없음,
BWACU,O,없음,없음,없음,
BWAC,O,없음,없음,없음,
HWKZ,K,없음,없음,없음,
HWKZ_u,K,없음,없음,없음,
CRECU,O,없음,없음,없음,
TTCF,O,없음,없음,없음,
ISEE,O,없음,없음,없음,
CREC,O,없음,없음,없음,
FEHY,K,없음,없음,없음,
MEOA,O,없음,없음,없음,
MEOAU,O,없음,없음,없음,
SCAQU,O,없음,없음,없음,
AZRE,K,없음,없음,없음,
GLOP,K,GLOP PR A,가스로그 파트너스 우선주 시리즈 A,뉴욕 거래소,
SCAQ,O,없음,없음,없음,
SILX,K,없음,없음,없음,
FMIVU,O,없음,없음,없음,
ALPA,O,없음,없음,없음,
BICK,O,없음,없음,없음,
FMIV,O,없음,없음,없음,
ARYE,O,없음,없음,없음,
ERM,없음,ZGN,Ermenegildo Zegna NV,뉴욕 거래소,
VECT,O,VAQC,Vector Acquisition Corp II,나스닥 증권거래소,
TESS,O,Tesson Holdings Ltd,01201,홍콩 거래소,
MLVF,O,없음,없음,없음,
IMBIL,O,없음,없음,없음,
FACT,K,FDS,Factset Research Systems Inc,뉴욕 거래소,
FACT_u,K,없음,없음,없음,
EQOP,K,없음,없음,없음,
ARDS,O,없음,없음,없음,
VBOC,O,없음,없음,없음,
LSI,없음,LYTS,LSI 인더스트리,나스닥 증권거래소,
CLBR,K,없음,없음,없음,
CLBR_u,K,없음,없음,없음,
VBOCU,O,없음,없음,없음,
SEV,O,SEVN,세븐 힐즈 리얼티 트러스트,나스닥 증권거래소,
BGRY,O,없음,없음,없음,
ESHAU,O,없음,없음,없음,
ALPS,O,ACES,ALPS Clean Energy ETF,아멕스 증권거래소,
BSEA,K,없음,없음,없음,
ENTFU,O,없음,없음,없음,
SDACU,O,없음,없음,없음,
PMGM,O,PMGM,프리베테라 애퀴지션 II,나스닥 증권거래소,
ENTF,O,없음,없음,없음,
SDAC,O,없음,없음,없음,
PMGMU,O,PMGMU,Priveterra Acquisition II Units,나스닥 증권거래소,
HEET,K,없음,없음,없음,
ATTO,K,없음,없음,없음,
WLMS,K,없음,없음,없음,
GGAA,O,없음,없음,없음,
GRNA,O,없음,없음,없음,
GGAAU,O,없음,없음,없음,
SJA,O,없음,없음,없음,
LRE,O,LRE,리드 리얼 에스테이트 ADR,나스닥 증권거래소,
SDEI,K,없음,없음,없음,
SDEF,K,없음,없음,없음,
BABY,O,BabyTree Group,01761,홍콩 거래소,
CIIG,O,없음,없음,없음,
IMH,없음,없음,없음,없음,
FGLD,K,없음,없음,없음,
IDW,없음,없음,없음,없음,
PKI,없음,없음,없음,없음,
ITCB,K,없음,없음,없음,
INT,없음,INTA,인탭,나스닥 증권거래소,
HOM,없음,HOM,비셈황마이시멘트,하노이 거래소,
GER,없음,GABC,German American Bancorp Inc,나스닥 증권거래소,
NMTR,O,없음,없음,없음,
HGEN,O,없음,없음,없음,
TWCBU,O,없음,없음,없음,
TWCB,O,없음,없음,없음,
VRAY,O,없음,없음,없음,
NOVN,O,없음,없음,없음,
MTVR,K,없음,없음,없음,
HMA,없음,없음,없음,없음,
HMA_u,없음,없음,없음,없음,
BLNG,O,없음,없음,없음,
GRIL,O,없음,없음,없음,
BLNGU,O,없음,없음,없음,
VCIF,K,없음,없음,없음,
AJRD,K,없음,없음,없음,
HVAL,K,없음,없음,없음,
RSPY,K,없음,없음,없음,
ABST,O,없음,없음,없음,
BBIG,O,없음,없음,없음,
XPAX,O,없음,없음,없음,
XPAXU,O,없음,없음,없음,
DALS,O,없음,없음,없음,
NSL,없음,없음,없음,없음,
JRO,없음,없음,없음,없음,
JSD,없음,없음,없음,없음,
ECOZ,K,없음,없음,없음,
FLEH,K,없음,없음,없음,
NSPY,K,없음,없음,없음,
NIWM,K,없음,없음,없음,
NBRV,O,없음,없음,없음,
TLGA,K,없음,없음,없음,
TLGA_u,K,없음,없음,없음,
SHPW,K,SHPW,셰이프웨이스 홀딩스,나스닥 증권거래소,
HMPT,O,없음,없음,없음,
REUN,O,없음,없음,없음,
MMMB,O,없음,없음,없음,
SPPI,O,없음,없음,없음,
OFED,O,없음,없음,없음,
APPH,O,없음,없음,없음,
CPUH,K,없음,없음,없음,
QFTA_u,K,없음,없음,없음,
CPUH_u,K,없음,없음,없음,
UNVR,K,없음,없음,없음,
WAVC_u,K,없음,없음,없음,
EMBK,O,없음,없음,없음,
GENQ,O,없음,없음,없음,
GENQU,O,없음,없음,없음,
EGIS,K,없음,없음,없음,
ISIG,O,없음,없음,없음,
ARBG,O,없음,없음,없음,
LYFE,K,없음,없음,없음,
ARBGU,O,없음,없음,없음,
BWCAU,O,없음,없음,없음,
BWC,O,없음,없음,없음,
FMST,O,FMST,포모스트 리튬 리소스 & 테크놀로지,나스닥 증권거래소,
WTT,없음,WTTR,셀렉트 에너지 서비스,뉴욕 거래소,
ENOB,O,없음,없음,없음,
IRNT,K,없음,없음,없음,
PDCE,O,없음,없음,없음,
LTCH,O,없음,없음,없음,
DICE,O,없음,없음,없음,
MSVB,O,없음,없음,없음,
UIHC,O,없음,없음,없음,
AEPPZ,O,없음,없음,없음,
SAL,O,CRM,Salesforce Inc,뉴욕 거래소,
IDBA,O,없음,없음,없음,
SGTX,O,없음,없음,없음,
KDNY,O,없음,없음,없음,
RCA,없음,RCAC,레벨스톤 캐피탈 애퀴지션,나스닥 증권거래소,
BSAQ,K,없음,없음,없음,
APMIU,O,없음,없음,없음,
XOUT,K,없음,없음,없음,
BSAQ_u,K,없음,없음,없음,
PYPT,O,없음,없음,없음,
OXACU,O,없음,없음,없음,
MTAC,O,없음,없음,없음,
MTACU,O,없음,없음,없음,
OXAC,O,없음,없음,없음,
AFTR_u,K,없음,없음,없음,
PCGU,K,없음,없음,없음,
YELL,O,Yellow Hat Ltd,9882,도쿄 거래소,
AFTR,K,없음,없음,없음,
DFFN,O,없음,없음,없음,
PTRA,O,없음,없음,없음,
RMED,K,없음,없음,없음,
APMI,O,없음,없음,없음,
HMACU,O,없음,없음,없음,
HMACR,O,없음,없음,없음,
HMAC,O,없음,없음,없음,
ARNC,K,없음,없음,없음,
AMRS,O,없음,없음,없음,
UBP_ph,없음,없음,없음,없음,
UBA,없음,UBA Investments Ltd,00768,홍콩 거래소,
UBP,없음,없음,없음,없음,
UBP_pk,없음,없음,없음,없음,
FRG,O,FRGE,포지 글로벌 홀딩스,뉴욕 거래소,
TMKR,O,없음,없음,없음,
TMKRU,O,없음,없음,없음,
FRGAP,O,없음,없음,없음,
LGVNV,O,없음,없음,없음,
FFWM,O,FFWM,퍼스트 파운데이션,뉴욕 거래소,
QWST,K,없음,없음,없음,
ZINGU,O,없음,없음,없음,
AMOT,O,없음,없음,없음,
YVR,O,없음,없음,없음,
FRBK,O,없음,없음,없음,
ZING,O,없음,없음,없음,
KVUE_w,K,없음,없음,없음,
AGAC_u,K,없음,없음,없음,
AGAC,K,없음,없음,없음,
JNJw,없음,없음,없음,없음,
FORG,K,FRGE,Forge Global Holdings Inc,뉴욕 거래소,
AURCU,O,없음,없음,없음,
APGN,O,없음,없음,없음,
AURC,O,없음,없음,없음,
WAVC,K,없음,없음,없음,
NOPE,K,없음,없음,없음,
GFX,없음,없음,없음,없음,
GFX_u,없음,없음,없음,없음,
PNACR,O,없음,없음,없음,
PNAC,O,없음,없음,없음,
FGMC,O,없음,없음,없음,
FGMCU,O,없음,없음,없음,
PNACU,O,없음,없음,없음,
SEAC,O,SBCF,Seacoast Banking Corporation of Florida,나스닥 증권거래소,
PXQ,없음,없음,없음,없음,
PSJ,없음,없음,없음,없음,
CLTL,K,없음,없음,없음,
GRZZ,K,없음,없음,없음,
EWMC,K,없음,없음,없음,
PSDN,K,없음,없음,없음,
VALT,K,Valtes Holdings Co Ltd,4442,도쿄 거래소,
HYLD,K,없음,없음,없음,
PLW,O,없음,없음,없음,
FXLV,K,없음,없음,없음,
APE,없음,에이프코인,APE,빗썸,
CUBS,K,없음,없음,없음,
AMTB,O,AMTB,아머란트 뱅코프,뉴욕 거래소,
OIG,O,없음,없음,없음,
EXTO_w,K,없음,없음,없음,
FIVR,O,없음,없음,없음,
SCHN,O,RDUS,Schnitzer Steel Industries Inc,나스닥 증권거래소,
EDTXU,O,없음,없음,없음,
FOCS,O,없음,없음,없음,
PRDS,O,없음,없음,없음,
CCAI,O,없음,없음,없음,
SABRP,O,없음,없음,없음,
EDTX,O,없음,없음,없음,
CCAIU,O,없음,없음,없음,
NSPL,K,없음,없음,없음,
NEE_pq,없음,없음,없음,없음,
ACGN,O,없음,없음,없음,
NUVA,O,NUVB,Nuvation Bio Inc,뉴욕 거래소,
SBIG,O,SBI Global Asset Management Co Ltd,4765,도쿄 거래소,
UTME,O,없음,없음,없음,
CFMS,O,없음,없음,없음,
QUOT,K,없음,없음,없음,
PLYM_pa,K,없음,없음,없음,
BVXV,O,없음,없음,없음,
AZYO,O,없음,없음,없음,
GECCN,O,없음,없음,없음,
NSTC,K,없음,없음,없음,
BKI,없음,BKIE,BNY Mellon International Equity ETF,아멕스 증권거래소,
NEX,없음,NEXA,넥사 리소스,뉴욕 거래소,
NSTC_u,K,없음,없음,없음,
BKSB,K,없음,없음,없음,
BTB,O,BTBD,Bt Brands Inc,나스닥 증권거래소,
ADMP,O,없음,없음,없음,
LOV,O,LOVE,Lovesac Co,나스닥 증권거래소,
IBET,O,없음,없음,없음,
ATAQ,K,없음,없음,없음,
ATAQ_u,K,없음,없음,없음,
SLGG,O,없음,없음,없음,
SURF,O,SRFM,Surf Air Mobility Inc,뉴욕 거래소,
RCLF,O,없음,없음,없음,
RCLFU,O,없음,없음,없음,
MGTA,O,없음,없음,없음,
ILLM,O,없음,없음,없음,
WWE,없음,없음,없음,없음,
LJIM,K,없음,없음,없음,
RTLPP,O,없음,없음,없음,
RTL,O,없음,없음,없음,
RTLPO,O,없음,없음,없음,
FLAG,K,없음,없음,없음,
NSTD_u,K,없음,없음,없음,
FLAG_u,K,없음,없음,없음,
NSTD,K,없음,없음,없음,
INFI,O,IFIN,InFintT Acquisition Corp,뉴욕 거래소,
GS_pj,없음,없음,없음,없음,
JUSA,K,없음,없음,없음,
KRBP,O,없음,없음,없음,
PIAI,K,없음,없음,없음,
KKR_pc,없음,없음,없음,없음,
WFC_pq,없음,없음,없음,없음,
PIAI_u,K,없음,없음,없음,
OFC,없음,없음,없음,없음,
JUPW,O,없음,없음,없음,
BKSC,O,없음,없음,없음,
DRTT,O,없음,없음,없음,
DTCK,O,DTCK,데이비스 코모디티,나스닥 증권거래소,
UTAA,O,없음,없음,없음,
UTAAU,O,없음,없음,없음,
TKAT,K,없음,없음,없음,
SNLN,O,없음,없음,없음,
ZEV,없음,ZVIA,Zevia PBC,뉴욕 거래소,
DTOCU,O,없음,없음,없음,
DTOC,O,없음,없음,없음,
VHNAU,O,없음,없음,없음,
VHNA,O,없음,없음,없음,
MBSC,K,없음,없음,없음,
MBSC_u,K,없음,없음,없음,
GLCN,K,없음,없음,없음,
RADI,O,RDN,Radian Group Inc,뉴욕 거래소,
PRTK,O,없음,없음,없음,
LGVNR,O,없음,없음,없음,
AAM_pa,없음,없음,없음,없음,
AAM_pb,없음,없음,없음,없음,
MURFU,O,없음,없음,없음,
CTIB,O,없음,없음,없음,
HILS,O,없음,없음,없음,
MURF,O,없음,없음,없음,
BRDS,K,없음,없음,없음,
APRN,K,APRN,블루 에이프런 홀딩스,나스닥 증권거래소,
MINC,K,없음,없음,없음,
SBNY,O,SBNY,Signature Bank,나스닥 증권거래소,
CLVS,O,CLVSQ,Clovis Oncology Inc,나스닥 증권거래소,
XPER_w,K,없음,없음,없음,
GBL,없음,GBLI,글로벌 인뎀니티 그룹,뉴욕 거래소,
BAM_w,없음,없음,없음,없음,
VTS_w,없음,없음,없음,없음,
KIO_r_w,없음,없음,없음,없음,
GFGD,O,없음,없음,없음,
GFGDU,O,없음,없음,없음,
ADERU,O,없음,없음,없음,
ADER,O,없음,없음,없음,
DBTX,O,없음,없음,없음,
GFGDR,O,없음,없음,없음,
MMP,없음,없음,없음,없음,
DMS,없음,DMS,068790,코스닥,
COO,없음,COO,쿠퍼 컴퍼니스,나스닥 증권거래소,
SUNL,K,SLF,Sun Life Financial Inc,뉴욕 거래소,
REDU,O,없음,없음,없음,
XPOA,K,없음,없음,없음,
GLEE,O,없음,없음,없음,
BTX,O,BTX,브루클린 이뮤노테라퓨틱스,아멕스 증권거래소,
KNTK,O,KNTK,키네틱 홀딩스,뉴욕 거래소,
GBOX,O,없음,없음,없음,
AZAA,K,없음,없음,없음,
AZBJ,K,없음,없음,없음,
AZBO,K,없음,없음,없음,
AZBA,K,없음,없음,없음,
AZBL,K,없음,없음,없음,
WSTG,O,없음,없음,없음,
PAQC,O,없음,없음,없음,
BHSE,O,없음,없음,없음,
LMAO,O,없음,없음,없음,
AZAL,K,없음,없음,없음,
AZAJ,K,없음,없음,없음,
AZAO,K,없음,없음,없음,
WETF,O,없음,없음,없음,
CHG,O,CHGG,체그,뉴욕 거래소,
CECE,O,CECEP Solar Energy Co Ltd Class A,000591,심천(선강퉁) 증권거래소,
ESSC,O,없음,없음,없음,
XL,없음,XLO,자일리오 테라퓨틱스,나스닥 증권거래소,
IRHG,K,없음,없음,없음,
ATAX,O,없음,없음,없음,
TDSC,K,TDSC,Cabana Target Drawdown 10 ETF,나스닥 증권거래소,
CLSC,K,CLSC,Cabana Target Leading Sector Conservative ETF,나스닥 증권거래소,
CLSA,K,CLSA,Cabana Target Leading Sector Aggressive ETF,나스닥 증권거래소,
CLSM,K,CLSM,Cabana Target Leading Sector Moderate ETF,나스닥 증권거래소,
TDSD,K,TDSD,Cabana Target Drawdown 13 ETF,나스닥 증권거래소,
TDSA,K,TDSA,Cabana Target Drawdown 5 ETF,나스닥 증권거래소,
TDSE,K,TDSE,Cabana Target Drawdown 16 ETF,나스닥 증권거래소,
TDSB,K,TDSB,Cabana Target Drawdown 7 ETF,나스닥 증권거래소,
BAMI,K,없음,없음,없음,
BAMH,K,없음,없음,없음,
UHALB,O,없음,없음,없음,
UHAL,O,UHAL,유홀 홀딩,뉴욕 거래소,
YMTX,O,없음,없음,없음,
POND,K,없음,없음,없음,
PAFO,O,없음,없음,없음,
CCCS,K,CCCS,CCC 인텔리전트 솔루션스 홀딩스,나스닥 증권거래소,
BTN,없음,없음,없음,없음,
SLAC,K,SLAC,소셜 레버리지 애퀴지션 I,나스닥 증권거래소,
SLAC_u,K,없음,없음,없음,
LJAQ,O,없음,없음,없음,
MSPR,O,LIFW,MSP Recovery Inc,나스닥 증권거래소,
NILE,K,없음,없음,없음,
NILE_pd,K,없음,없음,없음,
MTMT,K,없음,없음,없음,
PONO,O,PTHR,Pono Capital Three Inc,나스닥 증권거래소,
PFDR,O,없음,없음,없음,
MCAE,O,없음,없음,없음,
ISR,없음,ISRL,Israel Acquisitions Corp,나스닥 증권거래소,
RCII,O,없음,없음,없음,
DCRD,O,없음,없음,없음,
KAII,O,없음,없음,없음,
KAIIU,O,없음,없음,없음,
MICT,O,없음,없음,없음,
HPX,없음,HPX,하이팟 투자,호치민 거래소,
MCG,없음,MGRC,McGrath RentCorp,나스닥 증권거래소,
MTP,O,없음,없음,없음,
HSC,없음,HSCS,하트 테스트 래보라토리스,나스닥 증권거래소,
CELL,O,CEL,Cellcom Israel Ltd,뉴욕 거래소,
CNFRL,O,없음,없음,없음,
UPTDU,O,없음,없음,없음,
ANZUU,O,없음,없음,없음,
MPRAU,O,없음,없음,없음,
MCLDP,O,없음,없음,없음,
MCLD,O,없음,없음,없음,
SYNH,O,없음,없음,없음,
METX,O,없음,없음,없음,
SGBXV,O,없음,없음,없음,
SLVR,O,없음,없음,없음,
SLVRU,O,없음,없음,없음,
K_w,없음,없음,없음,없음,
KLG_w,없음,없음,없음,없음,
DHR_w,없음,없음,없음,없음,
VLTO_w,K,없음,없음,없음,
GFOR,K,없음,없음,없음,
ARMK_w,K,없음,없음,없음,
TRTN,K,TRTN PR A,트라이턴 인터내셔널 우선주 시리즈 A 8.5%,뉴욕 거래소,
RNDV,O,없음,없음,없음,
DBOC,K,없음,없음,없음,
DSOC,K,없음,없음,없음,
TSOC,K,없음,없음,없음,
UPTD,O,없음,없음,없음,
ANZU,O,없음,없음,없음,
GFOR_u,K,없음,없음,없음,
VSTS_w,K,없음,없음,없음,
MPRA,O,없음,없음,없음,
SGDVV,O,없음,없음,없음,
SDC,O,SDC,송다컨설팅,하노이 거래소,
LAAC_w,K,없음,없음,없음,
LAC_w,없음,없음,없음,없음,
CGRN,O,없음,없음,없음,
HSTO,O,없음,없음,없음,
VQS,O,없음,없음,없음,
RNST,O,RNST,르네산트,뉴욕 거래소,
HZNP,O,HZNP,호라이즌 테라퓨틱스,나스닥 증권거래소,
BIOSU,O,BIOSU,BioPlus Acquisition Units,나스닥 증권거래소,
BIOS,O,BIOS,바이오플러스 애퀴지션,나스닥 증권거래소,
VEDU,O,VEDU,비저너리 에듀케이션 테크놀로지 홀딩스 그룹,나스닥 증권거래소,
CEN,없음,CEN,Center Coast Brookfield MLP And Energy Infras Fund,뉴욕 거래소,
FZT,없음,FZT,패스트 애퀴지션 II,뉴욕 거래소,
FZT_u,없음,없음,없음,없음,
KLR,없음,KLR,칼레이라,뉴욕 거래소,
LRHC,O,LRHC,라 로사 홀딩스,나스닥 증권거래소,
FFSG,K,FFSG,FormulaFolios Smart Growth ETF,아멕스 증권거래소,
FFHG,K,FFHG,FormulaFolios Hedged Growth ETF,아멕스 증권거래소,
FFTG,K,FFTG,FormulaFolios Tactical Growth ETF,아멕스 증권거래소,
FFTI,K,FFTI,FormulaFolios Tactical Income ETF,아멕스 증권거래소,
NAVB,K,NAVB,나비디아 바이오파마슈티컬스,아멕스 증권거래소,
SOBRD,PK,없음,없음,없음,
GBBK,O,GBBK,글로벌 블록체인 애퀴지션,나스닥 증권거래소,
RIVOP,PK,없음,없음,없음,
DPSI,PK,DPSI,디시젼포인트 시스템즈,아멕스 증권거래소,
ASPP,O,ASPPU,Abri SPAC 2 Units,나스닥 증권거래소,
SIO,없음,SIO,Touchstone Strategic Income Opportunities ETF,아멕스 증권거래소,
PACWL,PK,없음,없음,없음,
SMDM,PK,없음,없음,없음,
CZFS,PK,CZFS,시티즌스 파이낸셜 서비시스,나스닥 증권거래소,
IAUCF,PK,없음,없음,없음,
AGCGV,PK,없음,없음,없음,
AGCGL,PK,없음,없음,없음,
WOPEY,PK,없음,없음,없음,
RNGTD,PK,없음,없음,없음,
NCPL,PK,NCPL,넷캐피탈,나스닥 증권거래소,
GLAQ,O^F22,GLAQ,글로비스 애퀴지션,나스닥 증권거래소,
GWAV,PK,GWAV,그린웨이브 테크놀로지 솔루션스,나스닥 증권거래소,
IPO-ACRI,O,없음,없음,없음,
OXFCV,PK,없음,없음,없음,
OXFCP,PK,없음,없음,없음,
SCWO,PK,SCWO,374워터,나스닥 증권거래소,
SIO,K,SIO,Touchstone Strategic Income Opportunities ETF,아멕스 증권거래소,
WETG,PK,WETG,위트레이드 그룹,나스닥 증권거래소,
CNXA,PK,CNXA,코넥사 스포츠 테크놀로지스,나스닥 증권거래소,
EVTVD,PK,없음,없음,없음,
IPO-NANL,O,없음,없음,없음,
MOGL,O,없음,없음,없음,
KNWN,PK,없음,없음,없음,
MAIA,O,MAIA,마이아 바이오테크놀로지,아멕스 증권거래소,
ARFXF,PK,없음,없음,없음,
ARFXD,PK,없음,없음,없음,
NEOV,PK,NEOV,네오볼타,나스닥 증권거래소,
IPO-SKGR,K,없음,없음,없음,
JBFR,O,없음,없음,없음,
NCRA,PK,NCRA,노세라,나스닥 증권거래소,
IPO-STAO,O,없음,없음,없음,
APE_pa,없음,없음,없음,없음,
TLFA,PK,없음,없음,없음,
ATXG,PK,ATXG,애든택스 그룹,나스닥 증권거래소,
KEYHV,PK,없음,없음,없음,
KEYHL,PK,없음,없음,없음,
MSSXV,PK,없음,없음,없음,
MSSXL,PK,없음,없음,없음,
GRFXY,PK,없음,없음,없음,
IPO-BRUU,O,없음,없음,없음,
TRFPF,PK,없음,없음,없음,
CANB,PK,CANB,Can B Corp,나스닥 증권거래소,
EFSH,PK,EFSH,1847 홀딩스,아멕스 증권거래소,
MSBSV,PK,없음,없음,없음,
MSBSL,PK,없음,없음,없음,
AIMD,PK,AIMD,에이노스,나스닥 증권거래소,
MCVT,PK,MCVT,밀 시티 벤처스 III,나스닥 증권거래소,
LNZA,O,LNZA,란자테크 글로벌,나스닥 증권거래소,
LNKB,PK,LNKB,링크뱅코프,나스닥 증권거래소,
BTMD,PK,BTMD,바이오티,나스닥 증권거래소,
INLX,PK,INLX,인텔리네틱스,아멕스 증권거래소,
ASTI,PK,ASTI,어센트 솔라 테크놀로지스,나스닥 증권거래소,
LNCDL,PK,없음,없음,없음,
BHVN,K,BHVN,바이오헤이븐,뉴욕 거래소,
NYAXF,PK,없음,없음,없음,
RTOKY,PK,없음,없음,없음,
SEDRF,PK,없음,없음,없음,
CVUA,PK,없음,없음,없음,
STCN,O,STCN,스틸 커넥트,나스닥 증권거래소,
STCN,O^J22,STCN,스틸 커넥트,나스닥 증권거래소,
IPO-ALOP,O,없음,없음,없음,
RUM,O,RUM,럼블,나스닥 증권거래소,
NEEXU,PK,없음,없음,없음,
MBIPL,PK,없음,없음,없음,
SILOD,PK,없음,없음,없음,
IPO-QOMO,O,없음,없음,없음,
LPTV,PK,LPTV,룹 미디어,아멕스 증권거래소,
LPTVD,PK,없음,없음,없음,
MNKPF,PK,없음,없음,없음,
ONOV,PK,없음,없음,없음,
VOXCF,PK,없음,없음,없음,
ENRFF,PK,없음,없음,없음,
ASEPF,PK,없음,없음,없음,
CETSU,O,없음,없음,없음,
MEM^K22,없음,없음,없음,없음,
BKDTU,PK,없음,없음,없음,
EFCRP,PK,없음,없음,없음,
AMPED,PK,없음,없음,없음,
PEYED,PK,없음,없음,없음,
CMNDF,PK,없음,없음,없음,
IPO-ADAM,O,없음,없음,없음,
IPO-PLUT,O,없음,없음,없음,
GIAF,PK,없음,없음,없음,
TXO_u,없음,없음,없음,없음,
FDV,K,FDV,Federated Hermes US Strategic Dividend ETF,아멕스 증권거래소,
BAM,없음,BAM,브룩필드 애셋 매니지먼트,뉴욕 거래소,
FBIN_w,없음,없음,없음,없음,
RWTRP,PK,없음,없음,없음,
ENLT,O,ENLT,엔라이트 리뉴어블 에너지,나스닥 증권거래소,
BFAI,O,없음,없음,없음,
ENCUF,PK,없음,없음,없음,
PWC,없음,없음,없음,없음,
JNRV,O,없음,없음,없음,
ATHLV,PK,없음,없음,없음,
ATHLL,PK,없음,없음,없음,
RWTRV,PK,없음,없음,없음,
KWEMF,PK,없음,없음,없음,
GTLCL,PK,없음,없음,없음,
LIACF,PK,없음,없음,없음,
ATLXD,PK,없음,없음,없음,
PBS,없음,PBsystemsInc,4447,도쿄 거래소,
IPO-LEEW,O,없음,없음,없음,
HBNJL,PK,없음,없음,없음,
STRW,PK,STRW,스트로베리 필즈 리츠,아멕스 증권거래소,
HBNJV,PK,없음,없음,없음,
HBANL,O,HBANL,헌팅턴 뱅그셰어스 우선주 Series J,나스닥 증권거래소,
BTEGF,PK,없음,없음,없음,
XI,O,XIN,신위안 부동산 ADR,뉴욕 거래소,
DEF,없음,DH,Definitive Healthcare Corp,나스닥 증권거래소,
OPXS,PK,OPXS,옵텍스 시스템스 홀딩스,나스닥 증권거래소,
HSPPF,PK,없음,없음,없음,
WANG36,UNL,없음,없음,없음,
OAKUO,O,없음,없음,없음,
AREB,O,AREB,아메리칸 레블 홀딩스,나스닥 증권거래소,
MNGO,O,없음,없음,없음,
CETY,PK,CETY,클린 에너지 테크놀로지스,나스닥 증권거래소,
FAVTV,PK,없음,없음,없음,
FAVTP,PK,없음,없음,없음,
JXNFL,PK,없음,없음,없음,
CR,없음,CR,크레인 홀딩스,뉴욕 거래소,
MSGE,K,MSGE,매디슨 스퀘어 가든 엔터테인먼트,뉴욕 거래소,
BHRB,PK,BHRB,버크 & 허버트 뱅크 & 트러스트,나스닥 증권거래소,
NIOBF,PK,없음,없음,없음,
BUJA,O,BUJA,부킷 잘릴 글로벌 애퀴지션 1,나스닥 증권거래소,
IPO-GOLE,O,없음,없음,없음,
Neuraxis109,UNL,없음,없음,없음,
BCAL,PK,BCAL,서던 캘리포니아 뱅코프,나스닥 증권거래소,
EICPB,PK,없음,없음,없음,
TPCS,PK,TPCS,테크프레시젼,나스닥 증권거래소,
ATSAF,PK,없음,없음,없음,
ALLJL,PK,없음,없음,없음,
ESHU,O,없음,없음,없음,
IZQVF,PK,없음,없음,없음,
SNMPD,PK,없음,없음,없음,
LTRY,PK,LTRY,로터리닷컴,나스닥 증권거래소,
BGLC,PK,BGLC,바이오넥서스 진 랩,나스닥 증권거래소,
CALC,PK,CALC,캘시메디카,나스닥 증권거래소,
BVFL,PK,BVFL,Bv 파이낸셜,나스닥 증권거래소,
AENT,PK,AENT,얼라이언스 엔터테인먼트 홀딩,나스닥 증권거래소,
FXCOR,PK,없음,없음,없음,
IPO-KEEN,O,없음,없음,없음,
FXCO,PK,없음,없음,없음,
EFLVD,PK,없음,없음,없음,
NETD,O,NETD,나보스 에너지 트랜지션 II,나스닥 증권거래소,
Courtside91,UNL,없음,없음,없음,
PAPL,O,없음,없음,없음,
VTRO,O,Vtron Group Co Ltd Class A,002308,심천(선강퉁) 증권거래소,
IBA^E23,없음,없음,없음,없음,
SQZB,PK,없음,없음,없음,
FRRSF,PK,없음,없음,없음,
NRXS,K,NRXS,뉴락시스,아멕스 증권거래소,
SZL,UNL,SZL,소나데지롱탄홀딩스,호치민 거래소,
SEZNL,PK,없음,없음,없음,
APOAP,PK,없음,없음,없음,
FRRSD,PK,없음,없음,없음,
HHC,없음,HHC,하이하제과,하노이 거래소,
DASH,K,DASH,도어대시,나스닥 증권거래소,
TPRFF,PK,없음,없음,없음,
NATIA_p,UNL,없음,없음,없음,
CRHCF,PK,없음,없음,없음,
ABMLD,PK,없음,없음,없음,
ABC,없음,ABCL,Abcellera Biologics Inc,나스닥 증권거래소,
FTLF,PK,FTLF,핏라이프 브랜즈,나스닥 증권거래소,
IPO-PODC,O,없음,없음,없음,
PRIAF,PK,없음,없음,없음,
LAC,없음,LAC,리튬 아메리카스,뉴욕 거래소,
99ACQUIS4,UNL,없음,없음,없음,
CMRA,O,CMRA,코메라 라이프 사이언시스 홀딩스,나스닥 증권거래소,
AFRI,O,AFRI,포라프릭 글로벌,나스닥 증권거래소,
PGY,O,PGY,파가야 테크놀로지스,나스닥 증권거래소,
