i,코드,기업명,내용,
8717,SM,SM 에너지,SM 에너지SM Energy CoSM 에너지는 독립적인 에너지 기업이다. 이 회사는 텍사스 주에서 석유 가스 및 액화천연가스(NGL)의 인수 탐사 개발 생산에 종사하고 있다.이 회사는 운영은 Midland Basin과 South Texas에 집중되어 있다.이 회사는 Midland Basin의 RockStar 및 Sweetie Peck 위치 내에서 시추 및 완료 활동을 수행하고 있으며 주로 Midland Basin 위치를 설명 개발 및 확장하는 데 중점을 둔다.Midland Basin 자산은 서부 텍사스의 Permian Basin에 위치한 약 81000 네트 에이커로 구성되어 있으며 텍사스 하워드 및 마틴 카운티의 RockStar 자산과 텍사스 Upton 및 Midland 카운티의 Sweetie Peck 자산을 포함한다.South Texas 자산은 Texas Dimmit 및 Webb 카운티에 위치한 약 155000 순 에이커로 구성된다.South Texas에서의 운영은 Eagle Ford 셰일 지층과 Austin Chalk 지층 모두에서 생산하는 데 중점을 둔다.
8718,SMAP,스포츠맵 테크 애퀴지션,스포츠맵 테크 애퀴지션SportsMap Tech Acquisition Corp스포츠맵 테크 애퀴지션은 기업인수목적 회사이다. 이 회사는 합병을 통해 하나 이상의 비즈니스와 자산을 인수하는 것을 목표로 한다.
8719,SMAPU,SportsMap Tech Acquisition Units,SportsMap Tech Acquisition UnitsSportsMap Tech Acquisition Units스포츠맵 테크 애퀴지션은 기업인수목적 회사이다. 이 회사는 합병을 통해 하나 이상의 비즈니스와 자산을 인수하는 것을 목표로 한다.
8720,SMAR,스마트시트,스마트시트Smartsheet Inc스마트시트는 모든 규모의 팀과 조직이 대규모 작업을 계획 캡처 관리 자동화 및 보고할 수 있는 동적 작업을 위한 엔터프라이즈 플랫폼이다.이 회사는 구독 모델을 통해 전세계에 클라우드 기반 소프트웨어 플랫폼을 제공한다.이 플랫폼은 기업이 적절한 프로젝트 팀을 찾고 일정을 잡고 시간을 추적 및 관리하고 고용 요구 사항을 예측하는 데 도움이 되는 리소스 계획 솔루션인 리소스 관리를 제공한다.또한 이 회사는 작업자가 크리에이티브 자산을 저장 사용자 정의 및 공유할 수 있는 디지털 자산 관리 플랫폼인 Brandfolder Smartsheet Dashboards Portals Cardview Grid Reports Projects Calendar Forms Automated action Integrations WorkApps Connectors Control Center Data Shuttle Bridge Calendar App Pivot App DataMesh App Outfit 및 Smartsheet Advance을 제공한다.이 회사는 프로그램 및 프로젝트를 관리하려는 고객에게 다양한 패키지를 제공한다.
8723,SMBC,서던 미주리 뱅코프,서던 미주리 뱅코프Southern Missouri Bancorp Inc서던 미주리 뱅코프는 Southern Bank(Bank)의 은행 지주 회사이다.이 은행의 주요 사업은 주로 일반 대중의 소매 예금과 Des Moines 연방 주택 융자 은행(FHLB)의 도매 자금과 함께 예금을 사용하는 것 중개 예금 모기지 대출 및 상업용 비 모기지 사업으로 구성된다.이 은행은 이자 및 무이자 거래 계좌 단기 시장 예금 계좌 저축 계좌 예금 증서 및 퇴직 저축 계획을 포함한 다양한 예금 상품을 제공한다.이 은행의 대출 활동은 14가구 및 다가구 주거용 부동산 상업용 및 농업용 부동산 주거용 및 상업용 부동산에 대한 건설 대출 상업용 및 농업용 사업 대출 소비자 대출에 대한 담보 대출로 구성된다.
8724,SMBK,스마트파이낸셜,스마트파이낸셜SmartFinancial Inc스마트파이낸셜 (구 Cornerstone Bancshares Inc.)는 은행 지주 회사입니다.당사는 SmartBank 자회사 (은행)를 통해 운영됩니다. 은행의 주요 사업은 운영으로부터 발생 된 자금과 대출에 대한 원금 및 이자 지불을 통해 대중으로부터 예금을 유치하고 그 자금을 투자하는 것으로 구성됩니다.상업용 부동산 모기지 소비자 부동산 모기지 건설 및 토지 개발 상업 및 산업 소비자 및 기타 대출을 제공합니다.은행의 투자 포트폴리오는 연방 기관 채권 모기지 지원 증권 주 및 시립 증권으로 구성됩니다.이 은행은 무이자 예금 계좌 이자 예금 계좌 저축 계좌 머니 마켓 계좌 개인 퇴직 계좌 (IRA) 및 예금 증명서 (CD)를 포함하여 다양한 예금 서비스를 기업과 개인에게 제공합니다.SmartBank는 약 28 개 지점에서 운영됩니다.
8725,SMCI,슈퍼 마이크로 컴퓨터,슈퍼 마이크로 컴퓨터Super Micro Computer Inc슈퍼 마이크로 컴퓨터는 글로벌 기술기업이다. 이 회사는 엔터프라이즈 데이터 센터 클라우드 컴퓨팅 인공 지능 5세대(5G) 및 에지 컴퓨팅을 포함한 다양한 시장에 애플리케이션에 최적화된 서버 및 스토리지 시스템인 실리콘 밸리 기반 가속 컴퓨팅 플랫폼을 제공한다.이 회사의 솔루션에는 인공 지능(AI) 및 고성능 컴퓨팅(HPC) 엔터프라이즈 애플리케이션 및 데이터 분석 데이터 관리 클라우드 및 가상화 5G 에지 컴퓨팅 및 사물 인터넷(IoT) 하이퍼스케일 인프라가 포함된다.이 회사는 또한 고객이 컴퓨팅 인프라를 설치 업그레이드 유지 관리하는 데 도움이 되는 글로벌 지원 및 서비스를 제공한다.이 회사는 서버 및 스토리지 빌딩 블록 IoT 임베디드 네트워킹 워크스테이션 및 게임 제품을 포함하는 일련의 제품을 제공한다.이 회사는 미국 아시아 및 유럽에서 운영된다.
8730,SMFG,스미토모 미쓰이 파이낸셜그룹 ADR,스미토모 미쓰이 파이낸셜그룹 ADRSumitomo Mitsui Financial Group Inc ADR스미토모 미쓰이 파이낸셜 그룹은 상업 은행 임대 증권 소비자 금융 사업에 종사하는 일본계 기업으로 5개의 사업부문을 가지고 있다.도매 부문은 국내 대기업을 대상으로 한 벤처캐피털 사업과 경영컨설팅 서비스 사업뿐만 아니라 은행 임대 증권 사업도 하고 있다.소매 부문은 은행 증권 신용카드 소비자 금융 사업뿐만 아니라 국내 개인과 소규모 기업 고객을 위한 연금 관리 사업에도 종사하고 있다.인터내셔널 부문은 해외 일본 및 비일본 기업들을 대상으로 한 스왑 관련 사업뿐만 아니라 은행 임대 증권 사업에도 종사하고 있다.시장 부문은 은행 증권 및 기타 금융 시장 관련 사업에 종사한다.본사 관리 부문은 시스템 개발 정보 처리 투자 관리 및 기타 사업에 종사한다.
8731,SMFL,스마트 포 라이프,스마트 포 라이프Smart for Life Inc스마트 포 라이프는 지주 회사이다. 이 회사는 건강 및 웰빙을 위한 다양한 영양 및 관련 제품의 개발 마케팅 제조 인수 운영 및 판매에 종사하고 있다.이 회사는 브랜드 제조 및 유통 채널을 포괄하는 제품 개발과 타 회사 인수에 중점을 둔다.이 회사의 자회사로는 Bonne Sante Natural Manufacturing Inc. Doctors Scientific Organica LLC GSP Nutrition Inc. Nexus Offers Inc.(Nexus)가 있다.Bonne Sante Natural Manufacturing은 비타민 건강 보조 식품 기능 식품 스포츠 영양 및 영양 보조제와 같은 다양한 제품을 전문으로하는 기능식품 계약 제조업체이다.Doctors Scientific Organica LLC는 자연 건강 및 웰빙 식사 대체 제품인 Smart for Life 브랜드를 제조 판매 소유한다.GSP Nutrition Inc. 은 운동선수와 라이프스타일 소비자를 위한 영양 보조제를 제공한다.
8732,SMG,스코츠 미러클 그로,스코츠 미러클 그로Scotts Miracle-Gro Co스코츠 미러클 그로는 잔디 및 정원 관리를 위한 브랜드 소비자 제품의 마케팅 담회사이다.이 회사는 미국 소비자 Hawthorne 기타의 세 부문을 통해 운영된다.미국 소비자 부문은 미국의 소비자 잔디 및 정원 사업으로 구성된다.이 회사의 소비자 잔디 및 정원 브랜드에는 Scotts and Turf Builder 잔디 비료 및 Scotts 잔디 종자 제품 Miracle-Gro 토양 식물성 식품 및 원예 제품 직교 제초제 및 살충제 제품 Tomcat 설치류 제어 및 동물 구충제 제품이 포함된다.Hawthorne 부문은 북미 지역의 실내 및 수경 재배를 위한 조명 영양분 재배 매체 재배 환경 및 하드웨어 제품을 제조 판매 및 유통한다.이 회사의 브랜드로는 General Hydroponics Gavita Botanicare Agrolux Can-Filters Gro Pro Mother Earth Hurricane Grower’s Edge HydroLogic 및 Cyco가 있다.기타 부문은 미국 이외 지역의 소비자 잔디 및 정원 사업으로 구성된다.
8735,SMHI,시코 마린 홀딩스,시코 마린 홀딩스SEACOR Marine Holdings Inc시코 마린 홀딩스는 전 세계 연안 석유 및 천연 가스 탐사 개발 및 생산 시설에 해양 및 지원 운송 서비스를 제공하고 있습니다.당사와 그 합작회사는 해상 설비에 화물과 인력을 수송하는 다양한 해상 지원 및 특수 선박을 운영하고 있습니다.해저에 부착물을 묶는 데 필요한 앵커와 계류장비를 처리합니다. 본 업체는 장비를 견인하고 지역 간 이동에 도움을 주며 건설 작업 및 폐로 지원을 제공합니다.또한 해저에서 시추와 웰 설치 유지보수 검사 및 수리에 사용되는 장비를 운반하고 발사합니다.또한 당사의 선박은 기술자 및 전문가 안전 지원 및 비상 대응 서비스를 제공합니다.
8737,SMID,스미스-미드랜드,스미스-미드랜드Smith-Midland Corp스미스-미드랜드는 전액 출자 자회사를 통해 건설 고속도로 유틸리티 농업 산업에서 사용하기 위한 광범위한 프리캐스트 콘크리트 제품 및 시스템을 발명 개발 제조 마케팅 임대 라이선스 판매 및 설치하는 회사이다.이 회사의 제품에는 SlenderWall 경량 건설 패널 Sierra Wall JJ Hooks 고속도로 안전 장벽 Easi-Set Precast Buildings Easi-Span Expandable Precast Buildings Easi-Set 유틸리티 금고 SoftSound Soundwall 패널 Beach Prisms 침식 제어 모듈 및 H2Out 2차 배수 시스템이 있다.이 회사의 프리캐스트 라이선스 장벽 임대 고객은 주로 미국의 중부 대서양 북동부 중서부 및 남동부 지역에 위치한 일반 계약자 연방 주 지방 운송 당국이다.이 회사의 자회사로는 Smith-Carolina Corporation Smith-Columbia Corporation Easi-Set Industries Worldwide Inc.및 Concrete Safety Systems Inc.가 있다.
8742,SMLP,Summit Midstream Partners Units,Summit Midstream Partners UnitsSummit Midstream Partners Units서밋 미드스트림 파트너스는 미드스트림 에너지 인프라 자산을 개발 소유 및 운영하는 데 중점을 둡니다.당사의 부문에는 오하이오 수집에 대한 소유지분을 포함하는 Utica Shale과 Bison Midstream Polar and Divide 및 Tioga Midstream이 포함된 Wiliston Basin인 Summit Utica Midstream DFW Midstream LLC(DW Midstream LLC)가 포함된 Marcellus Midstream이 포함됩니다.Grand River와 Niobraara G&P를 포함하는 Piceance Basins /DJ Basins입니다.당사의 자산은 미국 대륙의 전통적인 자원 기반 주로 셰일 포메이션의 생산 지역에 있습니다.천연가스 수집 처리 처리 서비스는 물론 원유를 제공하고 고객과의 장기 및 수수료에 따른 물 채취 서비스를 제공합니다.
8743,SMLR,샘러 사이언티픽,샘러 사이언티픽Semler Scientific Inc샘러 사이언티픽은 의료 보험 회사와 의사 그룹이 만성 질환을 평가하고 치료하는 데 도움이 되는 제품과 서비스를 개발 제조 판매하는 회사이다.이 회사는 고객에게 QuantaFlo와 WellChec을 판매한다.QuantaFlo는 약 4분내 진행되는 혈류 검사이다. QuantaFlo는 일주일에 몇 번의 테스트에서 하루에 10번 이상의 테스트에 이르기까지 다양하게 진행 가능하다.이 회사는 또한 QuantaFlo 사용에 대한 계약이나 WellChec 다중 테스트 플랫폼의 테스트별 계약 청구를 제공한다.WellChec은 회사의 다중 테스트 서비스 플랫폼으로서 회사 고객을 위한 환자의 검사 장비 및 제3자 인력을 제공한다.이 와 관련해 수행되는 검사에는 호흡기 질환 혈관 질환 안과 질환 뼈 질환 심장 질환 신경병증 및 당뇨병을 포함하는 만성 질환등이 있다.
8746,SMMF,서밋 파이낸셜 그룹,서밋 파이낸셜 그룹Summit Financial Group Inc서밋 파이낸셜 그룹 (Summit)은 금융 지주 회사입니다. 당사는 주로 이스턴 팬핸들 웨스트 버지니아의 사우스 센트럴 지역과 셰넌 도어 밸리 버지니아 북부 지역에서 커뮤니티 뱅킹 서비스를 제공합니다.당사는 커뮤니티 은행 자회사인 Summit Community Bank (Summit Community 또는 Bank)를 통해 이러한 서비스를 제공합니다.당사는 커뮤니티 뱅킹과 보험 및 금융 서비스의 두 부문으로 운영됩니다.커뮤니티 뱅킹 부문은 풀 서비스 은행으로 구성되어 있으며 고객에게 다양한 딜리버리 채널을 통해 전통적인 은행 제품 및 서비스를 제공합니다.보험 및 금융 서비스 부문에는 보험 상품을 판매하는 3 개의 보험 대리점이 있습니다.당사는 또한 웨스트 버지니아 무어 필드와 버지니아주 리즈 버그에 Summit Insurance Services LLC를 운영하여 개인과 기업에 보험 중개 서비스를 제공합니다.
8747,SMMT,서밋 테라퓨틱스,서밋 테라퓨틱스Summit Therapeutics Inc서밋 테라퓨틱스는 바이오 제약 회사이다. 이 회사는 심각한 감염성 질환에 대한 항생제의 발견 개발 및 상업화에 주력하고 있다.이 회사의 주요 CDI 제품 후보는 리디닐라졸이 경구 투여되는 소분자 항생제이다.이 회사의 전임상 후보에는 다제내성 감염 특히 카르바페넴 내성 장내세균(CRE) 감염과의 싸움에서 개발을 위한 DDS-04 시리즈의 SMT-738이 포함된다.이 회사는 C. 디피실레 감염(CDI)으로도 알려진 클로스트리디오이데스 디피실레 감염으로 고통받는 환자를 치료하는 데 중점을 둔 3상 임상 프로그램을 수행하고 있다.이 회사는 또한 Discuva 플랫폼을 사용하여 새로운 메커니즘인 정밀 항생제의 개발을 통해 제품 후보 포트폴리오를 확장하려고 한다.
8753,SMP,스탠다드 모터 프로덕츠,스탠다드 모터 프로덕츠Standard Motor Products Inc스탠다드 모터 프로덕츠는 중용 산업 장비 및 원래 장비 서비스 시장에 대한 보완적인 초점을 둔 자동차 애프터마켓 업계의 자동차 교체 부품의 독립 제조 및 유통 업체입니다.당사의 세그먼트에는 엔진 관리 세그먼트와 온도 제어 세그먼트가 포함됩니다.엔진 관리 부문은 차량 시스템용 점화 및 배기 가스 부품 점화 와이어 배터리 케이블 연료 시스템 부품 및 센서를 제조 및 재제조합니다.온도 컨트롤 세그먼트는 에어컨 컴프레서 에어컨 및 난방 부품 엔진 냉각 시스템 부품 파워 윈도우 액세서리 및 윈드실드 와셔 시스템 부품을 제조 및 재제조합니다.본 업체는 주로 미국 캐나다 라틴 아메리카 및 유럽의 창고 유통업체 대형 소매 체인 오리지널 장비 제조업체 및 오리지널 장비 서비스 부품을 판매합니다.
8754,SMPL,심플리 굿 푸드,심플리 굿 푸드Simply Good Foods Co심플리 굿 푸드는 영양 식품 및 스낵 제품의 개발 마케팅 판매에 종사한다.이 회사의 제품 포트폴리오는 주로 영양 바 RTD(ready-to-drink) 쉐이크 스낵 및 제과 제품으로 구성된다.이 회사는 Atkins Quest 및 Atkins Endulge와 같은 다양한 브랜드로 제품을 제공한다.Atkins브랜드는 Atkins Meal Bars와 Atkins Snack Bars의 두 가지 유형의 영양 바를 제공하는데 Atkins Meal Bars는 1317g의 단백질을 함유하고 있으며 11가지 맛으로 제공된다.Atkins Snack Bars는 24g의 순 탄수화물과 함께 713g의 단백질을 제공한다.Atkins RTD 쉐이크에는 1015g의 단백질이 들어 있으며 쉐이크는 쿠키와 크림 카페 캐러멜 크리미 초콜릿 등 다양한 맛으로 제공된다.Plus RTD 쉐이크에는 30g의 단백질이 들어 있다. Atkins Endulge 라인은 설탕이 첨가되지 않은 디저트로 구성되어 있다.
8755,SMR,뉴스케일 파워,뉴스케일 파워Nuscale Power Corp뉴스케일 파워는 첨단 원자력 소형 모듈식 원자로(SMR) 기술 회사이다.이 회사는 전 세계 고객의 다양한 에너지 요구 사항을 제공하는 데 중점을 둔다.이 회사는 발전 지역 난방 담수화 수소 생산 및 기타 공정 열 응용 분야에 에너지를 공급하기 위해 모듈식 경수로 원자력 발전소를 개발했다.또한 이 회사는 77메가와트의 전기(MWe)를 생성하고 풍력 태양열 및 수력 발전과 같은 재생 가능 자원을 보완하는 무탄소 기저부하 전력 공급원 역할을하는 NuScale Power Module(작고 안전한 가압경수로)을 개발했다.이 회사의VOYGR-12 발전소는 924 메가와트의 전기(MWe)를 생산한다.이 회사는 또한 4모듈 VOYGR-4(308MWe)와 6모듈 VOYGR-6(462MWe) 그리고 고객의 요구에 따른 기타 구성을 제공한다.
8757,SMSI,스미스 마이크로 소프트웨어,스미스 마이크로 소프트웨어Smith Micro Software Inc스미스 마이크로 소프트웨어는 전 세계의 무선 및 케이블 서비스 제공업체에 소프트웨어 솔루션을 제공하는 회사이다.이 회사는 글로벌 비즈니스를 위한 무선 표준 기반 소프트웨어를 개발한다.이 회사의 제품 포트폴리오에는 SafePath CommSuite ViewSpot이 있다.SafePath에는 SafePath 제품군 SafePath IoT 및 SafePath Home이 포함된다.SafePath 제품군은 가족 디지털 라이프스타일을 보호하고 집 안팎에서 연결된 기기를 관리하는 도구를 제공한다.CommSuite 프리미엄 메시징 플랫폼은 모바일 서비스 공급자가 모바일 가입자에게 음성 메일을 보낼수 있도록 한다.CommSuite는 또한 다국어 VTT(Voice-to-Text) 변환 메시징을 지원하므로 사용자가 읽기 대 듣기로 메시지를 편리하게 사용할 수 있다.또한 이 서비스는 선불 가입자뿐만 아니라 후불 프리미엄 가입자 모두에게 제공된다.ViewSpot은 소매 디스플레이 관리 플랫폼으로 무선 통신사와 소매점을 제공한다.
8758,SMTC,셈텍,셈텍Semtech Corp셈텍은 아날로그 및 혼합 신호 반도체 제품 공급 업체입니다. 당사는 기업용 컴퓨팅 통신 소비자 및 산업 최종 시장에 판매되는 다양한 상용 응용 제품을 설계 개발 및 마케팅합니다.이 제품 라인에는 신호 무결성 보호 무선 및 감지 전력 및 고 신뢰성이 포함됩니다.산업 시장의 응용 분야로는 비디오 방송 스튜디오 장비 자동 미터 판독 무선 충전 군사 및 항공 우주 의료 보안 시스템 자동차 사물 인터넷 산업 및 가정 자동화 비디오 보안 및 감시가 있습니다.엔터프라이즈 컴퓨팅 소비자 시장에는 데스크탑 노트북 서버 그래픽 보드 프린터 데이터 센터 관련 장비 및 수동 광 네트워크가 포함됩니다.통신 소비자 시장 애플리케이션에는 무선 기지국 캐리어 네트워크 스위치 및 라우터 케이블 모뎀 신호 컨디셔너 및 무선 근거리 통신망이 포함됩니다.
8759,SMTI,사나라 메드테크,사나라 메드테크Sanara Medtech Inc사나라 메드테크는 의료 기술 회사이다. 이 회사는 외과 및 만성 상처 피부 관리 시장에서 임상 결과를 개선하고 의료 비용을 줄이기 위한 혁신적인 기술 개발에 주력하고 있다.이 회사는 만성 또는 외과적 상처 치료 분야에 걸쳐 7개의 제품을 보유하고 있으며 파이프라인에 여러 제품을 보유하고 있다.이 회사의 만성 상처 관리 제품인 HYCOL Hydrolyzed Collagen(파우더 및 젤) BIAKOS 피부 및 상처 클렌저(BIAKOS AWC) BIAK?S 스킨 및 상처 젤은 가정 건강 호스피스 개인병원 발관련 전문의 소매점에서 사용된다.이 회사의 수술 상처 관리 제품인 CellerateRX 수술 활성 콜라겐(파우더 및 젤) 은 환자의 치유를 촉진하고 합병증 위험을 줄이기 위해 광범위한 외과 전문 분야에서 사용된다.
8760,SMWB,시밀러웹,시밀러웹Similarweb Ltd시밀러웹은 이스라엘에 기반을 둔 회사로서 디지털 인텔리전스를 위한 온라인 플랫폼을 제공한다.이 회사는 포괄적이며 신뢰 가능한 상세한 디지털 세계관을 제공한다.이 회사의 플랫폼은 고객이 시장에서 경쟁력을 갖출 수 있도록 정보를 수집 분석 공유한다.이 회사의 웹사이트와 모바일 애플리케이션은 예상 통계를 제공한다.
8761,SMX,SMX 시큐리티 매터스,SMX 시큐리티 매터스SMX (Security Matters) PLCSMX 시큐리티 매터스는 B2B 화이트 라벨(White label) 기술 회사이다.이 회사는 목재 고무 야자유 코코아 철강 금 고급 제품 가죽 플라스틱 비철금속 등을 포함한 다양한 산업에 서비스를 제공한다.이 회사는 공급망 인증 추적 투명성에 필요한 기술 솔루션을 제공한다.이 회사의 기술은 고체 액체 기체등 모든 상태의 재료 제공하며 출처 인증 재활용 공정 수 재활용 재료 비율 및 출처를 추적 또는 인증한다.이 회사의 데이터는 블록체인에 디지털 방식으로 기록되며 제품 자체에 연결 분자 화학 마커가 내장되어 판독장치로 판독이 가능하다.
8762,SNA,스냅-온,스냅-온Snap-On Inc스냅-온은 도구 장비 진단 수리 정보 및 시스템 솔루션의 제조 및 판매업체다.이 회사의 사업 부문은 다음과 같다. -Commercial and Industrial Group은 항공우주 천연자원 정부 발전 운송 기술 교육 시장 부문의 고객을 포함하여 전 세계의 다양한 산업 및 상업 고객에게 직접 유통 채널을 통해 서비스를 제공한다.-Direct and Distributor 채널을 통해 항공우주 천연자원 정부 운송 발전 기술 교육 시장 부문을 포함한 전 세계 다양한 산업 및 상업 고객에게 서비스를 제공한다.-Snap-on Tools Group은 전 세계 모바일 도구 유통 채널을 통해 차량 서비스 및 수리 기술자에게 서비스를 제공한다.-Repair Systems and Information Group은 직영 및 유통 채널을 통해 전 세계 기타 전문 차량 수리 고객 독립 수리점 소유주 및 관리자 오리지널 장비 제조업체 대리점에 서비스를 제공한다.-Financial Services는 금융 자회사의 사업 운영으로 구성된다.
8763,SNAL,스네일,스네일Snail Inc스네일은 게임 디지털 엔터테인먼트 및 기술 공간에 투자하는 데 주력하는 기술 기반 회사이다.이 회사는 두 개의 퍼블리싱 레이블인 Snail Games USA와 Wandering Wizard를 통해 여러 전문 브랜드로 게임을 퍼블리싱하고 있다.Snail Games USA는 디지털 엔터테인먼트의 글로벌 개발 및 퍼블리셔이다.이 회사는 개인용 컴퓨터(PC) 게임 콘솔 게임 다운로드 가능한 콘텐츠(DLC) 및 모바일 게임을 제공한다.이 회사의 게임 포트폴리오에는 ARK: Survival Evolved Action-adventure survival game Last Oasis Nomadic Survival MMO game PixARK Expedition Agartha Outlaws of the Old West Atlas Dark and Light ZCREW Fear the Night Wushu Chronicles Wushu Chronicles 2 ARK: Genesis Part 2 ARK: Genesis Part 1 Aberration ARK: Extinction ARK: Scorched Earth Skyward Shard of Faith and TEK Edition Survival Evolved Mobile Taichi Panda Heroes Dragon Hunter Survival Heroes Age of Wushu Dynasty and Kingdom Warriors등이 있다.
8764,SNAP,스냅,스냅Snap Inc스냅은 카메라 회사이다. 이 회사의 대표 상품인 Snapchat(스냅챗)은 Snap이라는 짧은 영상과 이미지를 통해 친구 가족과 시각적으로 소통할 수 있도록 도와주는 카메라 애플리케이션이다.Snapchat은 핵심 모바일 기기 애플리케이션으로 5개의 탭이 있다.이 탭에는 카메라 통신 스냅 맵 스토리 스포트라이트가 포함된다.카메라는 스냅챗을 사용하기 위한 시작점이다. 스냅챗은 카메라에서 직접 열리기 때문에 스냅을 쉽게 만들어 친구에게 보낼 수 있다.통신은 메시징 아키텍처를 통해 스냅을 일괄적으로 또는 개별적으로 친구에게 보낼 수 있도록 한다.스냅 맵은 사용자가 친구와 연결되어 해당 지역의 상황을 탐색할 수 있도록 해주는 실시간 개인화 지도이다.스토리에는 사용자r의 친구 커뮤니티 컨텐츠 파트너의 콘텐츠가 포함된다.스포트라이트는 사용자 생성 콘텐츠를 전체 Snapchat 커뮤니티와 공유할 수 있는 방법이다.이 회사의 광고 제품으로는 스냅 광고와 AR 광고가 있다.
8766,SNAX,스트라이브 푸드,스트라이브 푸드Stryve Foods Inc스트라이브 푸드는 건강한 스낵 기업이다. 이 회사는 건강한 스낵 제품의 제조 마케팅 판매에 종사하고 있다.이 회사는 다른 스낵보다 설탕과 탄수화물이 적고 단백질이 많은 스낵을 제공한다.이 회사의 제품 포트폴리오는 주로 Stryve Kalahari Braaitime 및 Vacadillos 브랜드 이름으로 판매되는 공기 건조 육류 스낵 제품으로 구성된다.이 회사는 식료품 클럽 매장 전자 소매점 및 기타 소매점을 포함한 북미 지역의 소매 채널과 전자 상거래 웹사이트를 통해 소비자에게 직접 제품을 유통한다.이 회사의 상품인 Beef Biltong은 Original Cajun Hickory Mesquite BBQ Teriyaki Zesty Garlic Hatch Green Chile Spicy Peri Peri 등 다양한 맛으로 제공되며 아마존과 미국 및 캐나다 전역의 17000개 이상의 소매점에서 제품을 구입할 수 있습니다.이 회사의 전액 출자 자회사로는 Biltong Acquisition Company LLC와 Braaitime LLC가 있다.
8767,SNBR,슬립 넘버,슬립 넘버Sleep Number Corp슬립 넘버는 슬립 넘버 침대 계열의 디자인 제조 마케팅 소매 및 서비스 업체이다.이 회사의 슬립 넘버 침구 컬렉션은 개인이 선호하는 수면 자세에 맞는 다양한 베개 크기와 모양을 포함하여 수면의 편안함과 질을 향상시키도록 설계된 모든 종류의 수면 제품을 특징으로 한다.Sleep Number 360 스마트 침대는 각 침대마다 맞춤형으로 조정이 가능해 양질의 수면을 제공한다.FlexFit 전용 스마트 조정 베이스 라인은 고객이 침대윗 부분이나 아랫부문의 경사를 조절할수 있도록 한다.슬립넘버360 스마트베드 운영체제(OS) 아이큐 기술은 수면수면장애 동작 생체변화 등을 감지한 뒤 밤새 침대의 견고함을 조절해 양질의 수면을 제공한다.이츠 슬립IQ 기술 운영 체제는 매일 밤 생체 인식 데이터 포인트를 캡처하고 전반적인 수면 건강과 건강을 개선하기 위한 실행 가능한 인사이트를 제공한다.
8768,SNCE,사이언스 37 홀딩스,사이언스 37 홀딩스Science 37 Holdings Inc사이언스 37 홀딩스는 생물제약 후원자를 대신하여 민첩한 임상 시험과 분산 접근을 가능하게 하는 기술 기반 솔루션을 제공한다.이 회사는 애자일 및 중앙 집중화 방법과 통합 기술 플랫폼을 결합한 Agile Clinical Trial Operating System(OS)을 개발했다.이 플랫폼은 환자 커뮤니티 의료 조사자 모바일 간호 커뮤니티 제공자 원격 조정자 데이터 및 장치의 광범위한 중앙 집중식 네트워크를 통해 워크플로를 조정하고 증거를 생성하며 데이터를 원활하게 조화시킨다.이 회사의 제품에는 Agile Clinical Trial Decentralized Clinical Trials Metasite Technology Platform Study Configuration 및 Diversity & Inclusion이 포함된다.이 회사의 개방형 API(응용 프로그래밍 인터페이스)를 통해 EDC(전자 데이터 캡처) 및 EHR(전자 건강 기록) 통합을 포함한 거의 실시간으로 구조화된 데이터 교환이 가능하다.
8769,SNCR,싱크로노스 테크놀로지스,싱크로노스 테크놀로지스Synchronoss Technologies Inc싱크로노스 테크놀로지스는 화이트 라벨 클라우드 메시징 디지털 및 네트워크 관리 솔루션 제공업체이다.이를 통해 고객은 가입자 시스템 네트워크 및 콘텐츠를 동기화 상태로 유지할 수 있다.이 회사는 Synchronoss Personal Cloud 플랫폼 Synchronoss 메시징 플랫폼 Synchronoss 디지털 플랫폼 및 Synchronoss Total Network Management 애플리케이션을 제공한다.Synchronoss Personal Cloud 플랫폼은 가입자가 개인적으로 만든 콘텐츠를 저장하고 동기화하도록 설계된 화이트 라벨 플랫폼이다.Synchronoss 메시징 플랫폼은 고급 메시징 플랫폼과 모바일 메시징 플랫폼을 제공한다.Synchronoss 디지털 플랫폼은 디지털 경험 생성 및 관리 자동화된 프로비저닝 인공 지능 및 재무 분석을 포함하는 기술 도구 및 솔루션 제품군이다.Synchronoss Total Network Management 애플리케이션은 운영자에게 물리적 네트워크를 설계할 수 있는 도구와 소프트웨어를 제공한다.
8770,SNCRL,싱크로노스 테크놀로지스 선순위 채권 8.375% 만기 2026년,싱크로노스 테크놀로지스 선순위 채권 8.375% 만기 2026년Synchronoss Technologies 8 375 Senior Notes due 2026싱크로노스 테크놀로지스는 화이트 라벨 클라우드 메시징 디지털 및 네트워크 관리 솔루션 제공업체이다.이를 통해 고객은 가입자 시스템 네트워크 및 콘텐츠를 동기화 상태로 유지할 수 있다.이 회사는 Synchronoss Personal Cloud 플랫폼 Synchronoss 메시징 플랫폼 Synchronoss 디지털 플랫폼 및 Synchronoss Total Network Management 애플리케이션을 제공한다.Synchronoss Personal Cloud 플랫폼은 가입자가 개인적으로 만든 콘텐츠를 저장하고 동기화하도록 설계된 화이트 라벨 플랫폼이다.Synchronoss 메시징 플랫폼은 고급 메시징 플랫폼과 모바일 메시징 플랫폼을 제공한다.Synchronoss 디지털 플랫폼은 디지털 경험 생성 및 관리 자동화된 프로비저닝 인공 지능 및 재무 분석을 포함하는 기술 도구 및 솔루션 제품군이다.Synchronoss Total Network Management 애플리케이션은 운영자에게 물리적 네트워크를 설계할 수 있는 도구와 소프트웨어를 제공한다.
8771,SNCY,선 컨트리 에어라인즈 홀딩스,선 컨트리 에어라인즈 홀딩스Sun Country Airlines Holdings Inc선 컨트리 에어라인즈 홀딩스는 Sun Country Airlines을 운영하고 있다.이는 저가항공사로서 예약 서비스 전세 화물 사업 전반에 관여한다.이 회사는 레저 친구친척 방문(VFR) 승객과 전세 고객에게 서비스를 제공하며 Amazon.com Services LLC(Amazon)에 승무원 유지보수 보험(CMI) 서비스를 한다.이 항공사는 미국 전역과 멕시코 중앙 아메리카 및 카리브해의 목적지로 항공편을 제공한다.이 회사는 31대의 여객 항공기와 12대의 화물 항공기를 포함한 약 43대의 항공기를 운용한다.주로 레저 및 VFR 여행객을 위한 저비용 여객 항공사 서비스를 제공하며 승객들은 기본요금에 비용을 추가하여 다른 옵션의 선택이 가능하다.이 회사의 전세기 사업에는 카지노 미국 국방부 대학 스포츠 팀 프로 스포츠 팀을 포함한 다양한 고객들을 대상으로한 서비스이다.
8772,SND,스마트 샌드,스마트 샌드Smart Sand Inc스마트 샌드는 Northern White 생 프락 샌드의 생산업체로 석유 및 천연 가스 유정의 유압 파단 시 탄화수소 회수율을 높이기 위해 사용되는 프로판트입니다.당사는 주로 석유 및 천연가스 탐사 및 생산 회사 및 석유밭 서비스 회사에 장기 인수 계약과 오픈마켓 현물 판매 계약을 체결하여 제품을 판매하고 있습니다.위스콘신주 오크데일 인근에 생 프락샌드 광산과 관련 가공시설을 소유하고 운영하고 있습니다.오크데일 시설 외에도 헥스턴 사이트로 알려진 위스콘신 잭슨 카운티에 두 번째 부동산을 소유하고 있습니다.모래 매장량에는 거친(20/40 30/50 및 40/70 경사) 모래의 균형 잡힌 농도와 고운 모래(60/140 경사)가 포함됩니다.매장량에는 약 20/40 및 코러 기판 20%의 침전물 40/70 메쉬 기판 중 40% 이상 100 메쉬 기판 약 40%가 포함됩니다.30/50 등급은 20/40 및 40/70 혼합의 파생 모델입니다.
8773,SNDA,소니다 시니어 리빙,소니다 시니어 리빙Sonida Senior Living Inc소니다 시니어 리빙은 미국에서 노인 주택 커뮤니티를 소유하고 운영하는 회사이다.이 회사는 자립 생활 지원 생활 기억 보호 서비스를 포함하여 노인 인구에게 주거 환경 노인 생활 서비스를 제공한다.이 회사는 독립적인 가정 간호 기관을 통한 재택 간호로 연결될 수 있는 자립 생활 생활 지원 및 기억 관리를 통합하여 시간이 지남에 따라 변화하는 거주자의 요구를 충족시키기 위해 지속적인 케어를 제공한다.이 회사의 통합 접근 방식은 거주자의 신체적 그리고 인지적 능력을 기반으로 하는 자율성과 독립성을 유지하고자 한다.또한 이 회사는 개인 간병 서비스 24시간 직원 배치 지원 서비스 및 추가 서비스를 포함한 생활 보조 서비스를 제공한다.이 회사는 18개 주에 걸쳐 약 7000명의 거주자가 거주하는 약 75개의 커뮤니티를 운영하며 거주자 중심 서비스와 돌봄 및 참여 프로그램을 제공한다.
8774,SNDL,SNDL,SNDLSNDL IncSNDL은 의료 및 성인용 시장을 위한 대마초 생산 유통 판매에 종사하는 대마초 회사다.이 회사는 성인용 시장을 위해 프리미엄 대마초를 생산하고 판매한다.당사의 목적에 맞게 지어진 실내 모듈식 재배방에서는 개별적이고 완전히 통제된 방 환경에서 일관된 대마초를 생산한다.회사의 대마 제품은 처방약으로 사용되며 사회적 정신적 오락적 행사를 증진시키기 위해 사용된다.당사는 선다이얼 대마초 브랜드의 말린 꽃 대마초를 프리롤 오일 캡슐 하위 언어와 같은 다양한 형태로 판매한다.
8775,SNDR,슈나이더 내셔널,슈나이더 내셔널Schneider National Inc슈나이더 내셔널은 운송 물류 및 관련 서비스를 제공하는 업체입니다.본 회사의 운송 솔루션은 단방향 중간 방식 전용 대량 방식 운송 관리 트랜스 로딩 서비스 국제 서비스 및 Schneider 결제 서비스를 포함합니다.공급망 관리 및 컨설팅 서비스에는 물류 솔루션 설계 글로벌 공급망 서비스 기업 및 시장 진입 지원 소싱 및 컴플라이언스 등이 포함됩니다.Schneider Logistics는 공급망 관리 기술 관리 서비스 엔지니어링 서비스 및 화물 결제를 제공하는 회사의 자회사입니다.본 업체는 약 10000대의 트랙터 약 28800대의 트레일러 및 약 14300대의 컨테이너를 운영하고 있습니다.캐나다 미국 멕시코의 약 36곳에서 운영되고 있습니다.
8776,SNDX,신닥스 파마슈티컬스,신닥스 파마슈티컬스Syndax Pharmaceuticals Inc신닥스 파마슈티컬스는 암 치료제 개발에 주력하는 임상 단계의 생물제약 회사이다.이 회사의 주요 제품 후보에는 SNDX-5613 및 SNDX-6352(악사틸리맙)가 있다.이 회사는 혼합 계통 백혈병 1(MLL1) MLL-재배열(MLLr) 급성 백혈병 뉴클레오포스민 1(NPM1) 돌연변이 급성 골수성 치료용 단백질과 메닌의 결합 상호작용을 표적으로 하는 SNDX-5613 백혈병(AML)과 콜로니 자극 인자 1(CSF-1) 수용체를 차단하는 모노클로날 항체인 악사틸리맙의 개발에 주력하고 있다.이 회사의 제품 후보에는 호르몬 수용체 양성 인간 표피 성장 인자 수용체 2 음성과 유방암에 있어 엑세메스탄과 조합하여 3상 E2112 등록 임상 시험에서 평가된 래스 I 히스톤 데아세틸라제(HDAC) 억제제와 엔티노스타트가 있다.
8777,SNES,시네스텍,시네스텍Senestech Inc시네스텍은 번식 조절을 통해 동물 해충 개체군 쥐 개체군을 관리하기 위한 글로벌 기술회사이다.이 회사의 제품인 ContraPest는 활성 성분인 4-vinylcyclohexene diepoxide(VCD)와 triptolide를 함유한 액체 미끼이다.ContraPest는 섭취 후 첫 번째 번식 주기부터 시작하여 수컷 및 암컷 쥐의 번식을 제한한다.ContraPest는 수컷과 암컷 쥐 모두에서 번식력을 감소시키는 액상 제제이다.VCD는 쥐의 난소 난포를 선택적으로 파괴하는 화학물질이다. 이 회사는 추가 종에 대한 잠재적 수정 능력 제어 옵션에 부합하는 ContraPest의 개선을 위해 연구 개발 중이다.이 회사는 생쥐를 위한 생식 조절 제품을 개발하고 있으며 야생 개 야생 돼지 왈라비 주머니여우에 대한 예비 데이터를 개발했다.
8778,SNEX,스토넥스 그룹,스토넥스 그룹StoneX Group Inc스토넥스 그룹은 디지털 플랫폼을 통해 기업 조직 거래자 및 투자자를 글로벌 시장 생태계에 연결하는 글로벌 금융 서비스 네트워크이다.이 회사는 상업 고객 대상 위험 관리 및 헤지 서비스 거래소 거래 및 장외(OTC) 제품의 실행 및 청산 음성 중개 시장 정보 및 물리적 거래등 다양한 부문을 토해 운영된다.이 회사의 기관 부문은 기관 고객에게 완전한 주식 거래 서비스 제품군을 제공하여 고객이 유동성을 찾을 수 있도록 돕고 다양한 채권 상품의 유동성을 제공할 뿐만 아니라 주식 및 외화 쌍과 스왑 거래의 프라임 브로커리지를 제공한다.이 회사는 또한 귀금속에 대한 금융 거래 및 물리적 투자를 모두 포함하는 현물 외환(외환)등의 소매 은행 상업 기업에 맞춤형 결제 기술 및 재무 서비스를 제공하는 글로벌 결제도 제공한다.
8779,SNFCA,시큐리티 내셔널 파이낸셜,시큐리티 내셔널 파이낸셜Security National Financial Corp시큐리티 내셔널 파이낸셜은 지주회사입니다. 당사는 생명보험 묘지 및 영안실 주택담보대출 등 3개 부문을 통해 운영되고 있습니다.생명보험 부문은 생명보험 연금상품 사고·건강보험의 선별된 계열을 판매·서비스하는 사업을 하고 있습니다.묘지와 빈소 부문은 유타 주에 있는 대략 7개의 묘지와 5개의 묘지 그리고 캘리포니아 주에 있는 묘지로 구성되어 있습니다.주택 융자 부문은 신규 건설 기존 주택 및 부동산 프로젝트를 위해 주택 및 상업용 대출을 시작 및 보증하거나 구입합니다.당사는 또한 유타 및 캘리포니아 운영을 통해 장례 묘지 빈소 및 화장 서비스를 미리 판매하고 있습니다.또한 미리 필요한 장례식과 묘지 화장 서비스도 판매하고 있습니다.
8780,SNGX,솔리제닉스,솔리제닉스Soligenix Inc솔리제닉스는 후발 바이오팜 회사입니다. 당사는 희귀병을 치료할 수 있는 제품을 개발하고 상품화하는 데 주력하고 있습니다.본 업체는 바이오테라퓨틱스와 백신/바이오 방어 두 분야를 통해 운영되고 있습니다.BioTherapeutics 부문은 위장관(GI) 질환의 예방/처치를 위한 경구 베클로메타손 1721-디프로피온산염(BDP)의 형성을 위해 안전한 가시광선으로 활성화된 위상합성하이피신을 활용한 광역학적 치료법(SGX301)을 개발하고 있습니다.백신/바이오방위 사업부에는 리백신 독소 백신 후보인 리백신 GI 급성방사선증후군(GI ARS) 치료 후보인 오베쉴드 그리고 SGX943 치료 후보인 멜리오이드시스(Meliodosis)를 위한 적극적인 개발 프로그램이 포함되어 있습니다.
8782,SNN,스미스 & 네퓨 ADR,스미스 & 네퓨 ADRSmith & Nephew PLC ADR스미스 & 네퓨는 의료 기술 회사이다. 이 회사는 의료 기기 및 서비스의 개발 제조 마케팅 판매에 종사하고 있다.이 회사의 제품 및 서비스에는 스포츠 의학 관절 수리 관절경 활성화 기술(AET) 외상 및 사지 기타 외과 사업 무릎 임플란트 고관절 임플란트 어드밴스 상처 관리 어드밴스 상처 생체 활성 및 어드밴스 상처 장치가 포함된다.이 회사의 Sports Medicine Joint Repair 프랜차이즈는 무릎 고관절 및 어깨의 연조직 손상 및 퇴행성 상태의 복구를 포함하여 관절의 최소 침습 수술을 수행하는 데 필요한 다양한 도구 기술 및 임플란트를 외과의사에게 제공한다.이 회사의 AET 프랜차이즈는 최소 침습 수술을 가능하게 하는 다양한 시스템 및 장치를 제공한다.Trauma & Extremities 프랜차이즈는 골절안정화 뼈 변형 교정 관절염 치료 연조직 합병증 치료를 위핸 외과의가 사용하는 솔루션으로 의료 전문가를 지원한다.
8783,SNOA,소노마 파머수티컬스,소노마 파머수티컬스Sonoma Pharmaceuticals Inc소노마 파머수티컬스은 상처 관리 동물 건강 관리 눈 관리 구강 관리 및 피부과적 상태를 포함한 다양한 용도의 제품인 안정화 차아염소산(HOCL)을 개발 및 생산하고 있다.이 회사의 제품에는 Acuicyn Endocyn OroGenix Oral Hygiene Rinse Microdacyn60 Oral Care Sinudox MicrocynAH Nanocyn Disinfectant & Sanitizer Epicyn Antimicrobial Facial Cleanser Levicyn Antimicrobial Dermal Spray Levicyn Antipruritic Gel Levicyn Antipruritic Spray Gel Celacyn Scar Management Gel and Sebuderm Topical Gel등이 있다.Acuicyn은 안검염 치료와 눈꺼풀과 속눈썹의 일상적인 위생을 위한 항균제 처방액으로 눈이 붉고 가렵고 딱딱하며 충혈된 눈을 관리하는 데 도움을 준다.MicrocynAH는 HOCl 기반의 국소 제품으로 다양한 동물의 상처와 감염을 세척 제거 및 치료한다.Celacyn은 상처 부위와 흉터 부위를 보호하고 보습하여 흉터 관리를 제공한다.
8784,SNOW,스노우플레이크,스노우플레이크Snowflake Inc.스노우플레이크는 클라우드 데이터 플랫폼 제공업체로 이 플랫폼을 통해 고객은 단일 소스로 데이터를 통합하여 비즈니스 통찰력을 높이고 데이터 중심 애플리케이션을 구축하며 데이터를 공유할 수 있다.이 회사의 클라우드 데이터 플랫폼은 클라우드를 혼합하고 매칭하는 크로스 클라우드 방식을 포함한 멀티 클라우드 전략을 지원한다.또한 멀티클러스터 공유 데이터 아키텍처를 통해 실시간으로 통제되고 안전한 데이터 공유 가능 중앙 관리형 데이터 허브에서 비즈니스 파트너 공급업체 및 직원과 공유 및 협업할 수 있는 자체적인 프라이빗 데이터 교환을 만들 수 있다.이 회사는 퍼블릭 클라우드의 성능을 활용하여 고객이 데이터를 통합하고 쿼리를 만들어 다양한 사용 사례를 지원할 수 있도록 한다.또한 사용자가 일반적으로 기본 데이터를 복사하거나 이동하지 않고 조직 내외부에서 데이터를 안전하게 공유할 수 있도록 통제된 데이터 액세스를 제공한다.
8788,SNPO,스냅 원 홀딩스,스냅 원 홀딩스Snap One Holdings Corp스냅 원 홀딩스는 북미에서 클라우드 기반 소프트웨어를 제공하는 K-12 교육 기술 회사이다.이 회사는 학교에서 사용하는 핵심 기록 시스템을 포함하는 통합 플랫폼을 제공하는 데 주력하고 있다.이 회사의 소프트웨어는 학교 워크플로에 포함되어 있으며 교육자 학생 관리자 및 학부모가 사용한다.이 회사의 클라우드 기반 기술 플랫폼은 보고 관련 규정 준수 특수 교육 재무 인사(HR) 등록 출석 학습 교육 채점 대학 직업 준비 평가 분석을 하나의 시스템에서 효율적으로 관리할 수 있도록 지원한다.이 회사의 통합 플랫폼 접근 방식을 통해 고객은 예측 모델링 및 머신 러닝으로 운영을 간소화하고 서로 다른 데이터 세트를 집계 할 수 있을 뿐만 아니라 인사이트를 발전 시킬수 있다.이 회사는 12000명 이상의 고객에게 서비스를 제공하고 전 세계적으로 약 90개국에서 솔루션을 판매한다.
8789,SNPS,시놉시스,시놉시스Synopsys Inc시놉시스는 실리콘에서 소프트웨어 스펙트럼까지 다양한 제품과 서비스를 제공하는 회사이다.이 회사는 반도체 및 시스템 설계와 소프트웨어 무결성의 두 부문을 통해 운영된다.반도체 및 시스템 설계 부문은 고급 실리콘 설계 검증 제품 및 서비스 반도체 및 전자 산업에 제품 및 서비스를 포함하는 반도체 지적 재산(IP) 포트폴리오를 제공한다.이 부문은 또한 엔지니어가 칩이라고도 하는 집적 회로(IC)를 설계하고 테스트하는 데 사용하는 전자 설계 자동화(EDA) 소프트웨어를 공급한다.소프트웨어 무결성 부문은 고객 포트폴리오와 애플리케이션 수명 주기의 모든 단계에서 소프트웨어 위험을 지능적으로 해결하기 위한 제품 및 서비스 포트폴리오를 제공한다.이 부문은 보안 및 테스트 제품을 포함하는 소프트웨어 도구 및 서비스를 제공한다.이 회사는 또한 애플리케이션 보안 SaaS(Software-as-a-Service)를 제공한다.
8791,SNPX,시냅토제닉스,시냅토제닉스Synaptogenix Inc시냅토제닉스는 임상 단계의 바이오 제약 회사이니다. 이 회사는 퇴행성 신경 질환에 대한 새로운 치료법을 개발한다. 이 회사의 주요 치료제 후보물질인 Bryostatin-1은 알츠하이머병에서 Fragile X 증후군 Rett 증후군 Niemann-Pick Type C 질환과 같은 희귀 질환과 다발성 경화증 뇌졸중 외상성 뇌 손상을 포함한 기타 적응증에 대한 전임상 연구이다.Bryostatin-1은 암 연구에서 약 1500명 이상의 사람들에게 테스트를 진행했다.
8792,SNSE,센세이 바이오테라퓨틱스,센세이 바이오테라퓨틱스Sensei Biotherapeutics Inc센세이 바이오테라퓨틱스는 임상 단계 면역 치료 회사이다. 이 회사는 암 치료에 중점을 두고 치료법의 발견과 개발에 참여하고 있다.이 회사의 ImmunoPage 플랫폼은 박테리아 페이지를 활용하여 선천적/적응적 면역 반응을 유도하도록 설계된 자가 조정/차별화된 면역 치료 접근법이다.이 회사는 치료 활동을 강화하는 나노 바디의 표적 사용을 통해 항원제시세포(APC)를 직접 겨냥하고 종양 미세환경(TME)을 변조하는 면역포지 제품 후보를 설계하고 있다.SNS-301은 비복제성 또는 전이성 편평세포암(SCHN) 치료제로 개발 중인 이무노페이지 제품 후보작이다.또한 이 회사는 메르켈 세포암(MCC) 치료를 위한 면역 페이지 후보인 SNS-401도 개발중이며 단일성 항체(mAb) 치료법 개발에도 참여하고 있다.
8795,SNTG,센티지 홀딩스,센티지 홀딩스Sentage Holdings Inc센티지 홀딩스는 중국에서 소비자 대출 상환 회수 대출 권고 선불 결제 네트워크 서비스등 포괄적인 금융 서비스를 제공하는 금융 서비스 제공회사이다.이 회사는 세가지 부문으로 운영된다. 소비자대출상환 및 추심관리서비스 부문은 개별 고객과 체결한 서비스 약정에 따라 고정 서비스수수료에 대한 미지불대출의 상환 및 회수 과정을 모니터링하고 관리한다.대출 추천 서비스 부문은 대출 신청자의 특정 요구에 따라 대출 상품 추천 및 대출 신청 관련 서류 처리에 관여한다.참여선불 결제 네트워크 서비스 부문은 일반 및 브랜드 선불 기프트 카드와 직불 카드를 발행하고 슈퍼마켓 및 백화점과 같은 다양한 가맹점에 관련 서비스를 제공한다.
8796,SNTI,센티 바이오사이언시스,센티 바이오사이언시스Senti Biosciences Inc센티 바이오사이언시스는 임상 전 생명공학 회사이다. 이 회사는 질병을 치료하기 위한 유전자 회로 플랫폼 기술로 설계된 세포 및 유전자 치료법을 개발하고 있다.고급 유전자 회로 제품 후보는 종양학을 위해 동종 CAR-NK 세포를 지향한다.예비 임상 단계 제품 후보에는 SENTI-202 SENTI-301 SENTI-401이 포함된다.SENTI-202 제품 후보는 급성 골수성 백혈병(AML) 세포를 대상으로 제거하는 논리 게이트(OR + NOT) 동종 CAR-NK 세포 치료법으로 개발 중이다.SENTI-301 제품 후보는 간세포암(HCC) 치료를 위해 개발 중인 다중 암 동종 CAR-NK 세포 치료법이다.SENTI-401 제품 후보는 대장암(CRC) 세포를 대상으로 제거하기 위해 개발 중인 로직 게이트 동종 CAR-NK 세포 치료법이다.
8797,SNV,시노버스 파이낸셜,시노버스 파이낸셜Synovus Financial Corp시노버스 파이낸셜은 금융 서비스 회사다. 이 회사는 프라이빗 뱅킹 자산 관리 자산 관리 담보 대출 서비스 프리미엄 금융 자산 기반 대출 구조화 대출 자본 시장 및 국제 금융을 포함한 상업 및 소비자 금융 상품과 서비스를 고객에게 제공한다.이 회사에는 커뮤니티 뱅킹 홀세일 뱅킹 소비자 뱅킹 재무 관리 서비스(FMS) 부문이 있다.상업 은행 서비스에는 자금 관리 자산 관리 자본 시장 서비스 기관 신탁 서비스 상업 금융 및 부동산 대출이 포함된다.소비자 뱅킹 서비스에는 일반 요구불 및 저축성 예금 계좌 수락 주택담보 할부 및 기타 소비자 대출 투자 및 중개 서비스 자동 뱅킹 서비스 자동 자금 이체 인터넷 기반 뱅킹 서비스 비자 및 마스터카드 서비스를 포함한 은행 신용카드 및 직불카드 서비스 등이 포함된다.
8798,SNV PR D,시노버스 파이낸셜 우선주 시리즈 D,시노버스 파이낸셜 우선주 시리즈 DSynovus Financial Non-Cumulative Perpetual Pref Series D시노버스 파이낸셜은 금융 서비스 회사다. 이 회사는 프라이빗 뱅킹 자산 관리 자산 관리 담보 대출 서비스 프리미엄 금융 자산 기반 대출 구조화 대출 자본 시장 및 국제 금융을 포함한 상업 및 소비자 금융 상품과 서비스를 고객에게 제공한다.이 회사에는 커뮤니티 뱅킹 홀세일 뱅킹 소비자 뱅킹 재무 관리 서비스(FMS) 부문이 있다.상업 은행 서비스에는 자금 관리 자산 관리 자본 시장 서비스 기관 신탁 서비스 상업 금융 및 부동산 대출이 포함된다.소비자 뱅킹 서비스에는 일반 요구불 및 저축성 예금 계좌 수락 주택담보 할부 및 기타 소비자 대출 투자 및 중개 서비스 자동 뱅킹 서비스 자동 자금 이체 인터넷 기반 뱅킹 서비스 비자 및 마스터카드 서비스를 포함한 은행 신용카드 및 직불카드 서비스 등이 포함된다.
8799,SNV PR E,시노버스 파이낸셜 우선주 시리즈 E 5.875%,시노버스 파이낸셜 우선주 시리즈 E 5.875%Synovus Financial Perpetual Pref Shs Series E시노버스 파이낸셜은 금융 서비스 회사다. 이 회사는 프라이빗 뱅킹 자산 관리 자산 관리 담보 대출 서비스 프리미엄 금융 자산 기반 대출 구조화 대출 자본 시장 및 국제 금융을 포함한 상업 및 소비자 금융 상품과 서비스를 고객에게 제공한다.이 회사에는 커뮤니티 뱅킹 홀세일 뱅킹 소비자 뱅킹 재무 관리 서비스(FMS) 부문이 있다.상업 은행 서비스에는 자금 관리 자산 관리 자본 시장 서비스 기관 신탁 서비스 상업 금융 및 부동산 대출이 포함된다.소비자 뱅킹 서비스에는 일반 요구불 및 저축성 예금 계좌 수락 주택담보 할부 및 기타 소비자 대출 투자 및 중개 서비스 자동 뱅킹 서비스 자동 자금 이체 인터넷 기반 뱅킹 서비스 비자 및 마스터카드 서비스를 포함한 은행 신용카드 및 직불카드 서비스 등이 포함된다.
i,코드,기업명,내용,
