i,etf,코드,이름,내용,
1012,etf,BDEC,Innovator US Equity Buffer ETF - December,
1013,etf,BDGS,Bridges Capital Tactical ETF,
1018,etf,BDRY,Breakwave Dry Bulk Shipping ETF,
1026,etf,BECO,BlackRock Future Climate and Sust Econ ETF,
1028,etf,BEDZ,AdvisorShares Hotel ETF,
1033,etf,BEMB,iShares J.P. Morgan Broad USD Emerging Mkts Bd ETF,
1044,etf,BETZ,Roundhill Sports Betting & iGaming ETF,
1051,etf,BFEB,Innovator US Equity Buffer ETF - February,
1055,etf,BFIT,Global X Health and Wellness ETF,
1056,etf,BFIX,Build Bond Innovation ETF,
1059,etf,BFOR,ALPS Barron's 400 ETF,
1066,etf,BFTR,BlackRock Future Innovators ETF,
1074,etf,BGLD,FT Cboe Vest Gold Strategy Quarterly Buffer ETF,
1077,etf,BGRN,iShares USD Green Bond ETF,
1112,,BIB,ProShares Ultra Nasdaq Biotechnology,
1113,etf,BIBL,Inspire 100 ETF,
1114,,BICK,First Trust BICK Index Fund,
1115,etf,BIDS,Amplify Digital & Online Trading ETF,
1118,etf,BIGB,Roundhill Big Bank ETF,
1120,etf,BIGT,Roundhill Big Tech ETF,
1123,etf,BIL,SPDR Bloomberg 1-3 Month T-Bill ETF,
1126,etf,BILS,SPDR Bloomberg 3-12 Month T-Bill ETF,
1128,etf,BINC,BlackRock Flexible Income ETF,
1144,,BIS,ProShares UltraShort Nasdaq Biotechnology,
1146,etf,BITC,Bitwise Bitcoin Strategy Optimum Roll ETF,
1150,etf,BITI,ProShares Short Bitcoin Strategy ETF,
1151,etf,BITO,ProShares Bitcoin Strategy ETF,
1152,etf,BITQ,Bitwise Crypto Industry Innovators ETF,
1153,etf,BITS,Global X Blockchain & Bitcoin Strategy ETF,
1154,etf,BIV,Vanguard Intermediate-Term Bond Index Fund;ETF,
1156,etf,BIZD,VanEck BDC Income ETF,
1158,etf,BJAN,Innovator US Equity Buffer ETF - January,
1160,etf,BJK,VanEck Gaming ETF,
1162,etf,BJUL,Innovator US Equity Buffer ETF - July,
1163,etf,BJUN,Innovator US Equity Buffer ETF - June,
1165,etf,BKAG,BNY Mellon Core Bond ETF,
1167,etf,BKCH,Global X Blockchain ETF,
1168,etf,BKCI,BNY Mellon Concentrated International ETF,
1172,etf,BKEM,BNY Mellon Emerging Markets Equity ETF,
1173,etf,BKES,BNY Mellon Sustainable Global Emerging Markets ETF,
1174,etf,BKF,iShares MSCI BIC ETF,
1175,etf,BKGI,BNY Mellon Global Infrastructure Income ETF,
1177,etf,BKHY,BNY Mellon High Yield Beta ETF,
1179,etf,BKIE,BNY Mellon International Equity ETF,
1180,etf,BKIS,BNY Mellon Sustainable International Equity ETF,
1181,etf,BKIV,BNY Mellon Innovators Etf,
1183,etf,BKLC,BNY Mellon US Large Cap Core Equity ETF,
1184,etf,BKLN,Invesco Senior Loan ETF,
1185,etf,BKMC,BNY Mellon US Mid Cap Core Equity ETF,
1189,etf,BKSB,BNY Mellon Short Duration Corporate Bond ETF,
1191,etf,BKSE,BNY Mellon US Small Cap Core Equity ETF,
1196,etf,BKUI,BNY Mellon Ultra Short Income ETF,
1197,etf,BKUS,BNY Mellon Sustainable US Equity ETF,
1198,etf,BKWO,BNY Mellon Women's Opportunities ETF,
1206,etf,BLCN,Siren Nasdaq NexGen Economy ETF,
1208,etf,BLCV,BlackRock Large Cap Value ETF,
1211,etf,BLDG,Cambria Global Real Estate ETF,
1215,etf,BLES,Inspire Global Hope ETF,
1221,etf,BLHY,Virtus Newfleet High Yield Bond ETF,
1225,etf,BLKC,Invesco AG Blkchn Users and Decentralized Comm ETF,
1226,etf,BLLD,JPMorgan Sustainable Infrastructure ETF,
1232,etf,BLOK,Amplify Transformational Data Sharing ETF,
1240,etf,BLV,Vanguard Long-Term Bond Index Fund;ETF,
1247,etf,BMAR,Innovator US Equity Buffer ETF - March,
1248,etf,BMAY,Innovator US Equity Buffer ETF - May,
1252,etf,BMED,BlackRock Future Health ETF,
1268,etf,BND,Vanguard Total Bond Market Index Fund;ETF,
1269,,BNDC,FlexShares Core Select Bond Fund,
1270,etf,BNDD,Quadratic Deflation ETF,
1271,etf,BNDI,NEOS Enhanced Income Aggregate Bond ETF,
1272,etf,BNDW,Vanguard Total World Bond ETF,
1273,etf,BNDX,Vanguard Total International Bond Index Fund;ETF,
1274,etf,BNE,Blue Horizon BNE ETF,
1276,etf,BNGE,First Trust S-Network Streaming & Gaming ETF,
1286,,BNO,United States Brent Oil Fund LP,
1287,etf,BNOV,Innovator US Equity Buffer ETF - November,
1299,etf,BOAT,SonicShares Global Shipping ETF,
1303,etf,BOCT,Innovator US Equity Buffer ETF - October,
1308,,BOIL,ProShares Ultra Bloomberg Natural Gas,
1312,,BOND,PIMCO Active Bond Exchange-Traded Fund,
1317,etf,BOSS,Global X Founder-Run Companies ETF,
1319,etf,BOTZ,Global X Robotics and Artificial Intelligence ETF,
1320,etf,BOUT,Innovator IBD Breakout Opportunities ETF,
1324,etf,BOXX,Alpha Architect 1-3 Month Box ETF,
1326,etf,BPAY,BlackRock Future Financial and Technology ETF,
1355,etf,BRF,VanEck Brazil Small-Cap ETF,
1368,etf,BRLN,BlackRock Floating Rate Loan ETF,
1371,etf,BRNY,Burney US Factor Rotation ETF,
1385,,BRZU,Direxion Daily MSCI Brazil Bull 2X Shares,
1391,etf,BSCN,Invesco BulletShares 2023 Corporate Bond ETF,
1392,etf,BSCO,Invesco BulletShares 2024 Corporate Bond ETF,
1393,etf,BSCP,Invesco BulletShares 2025 Corporate Bond ETF,
1394,etf,BSCQ,Invesco BulletShares 2026 Corporate Bond ETF,
1395,etf,BSCR,Invesco BulletShares 2027 Corporate Bond ETF,
1396,etf,BSCS,Invesco BulletShares 2028 Corporate Bond ETF,
1397,etf,BSCT,Invesco BulletShares 2029 Corporate Bond ETF,
1398,etf,BSCU,Invesco BulletShares 2030 Corporate Bond ETF,
1399,etf,BSCV,Invesco BulletShares 2031 Corporate Bond ETF,
1400,etf,BSCW,Invesco BulletShares 2032 Corporate Bond ETF,
1401,etf,BSEA,ETFMG Breakwave Sea Decarbonization Tech ETF,
1402,etf,BSEP,Innovator US Equity Buffer ETF - September,
1407,etf,BSJN,Invesco BulletShares 2023 Hi Yld Corp Bd ETF,
1408,etf,BSJO,Invesco BulletShares 2024 Hi Yld Corp Bd ETF,
1409,etf,BSJP,Invesco BulletShares 2025 Hi Yld Bd ETF,
1410,etf,BSJQ,Invesco BulletShares 2026 Hi Yld Corp Bd ETF,
1411,etf,BSJR,Invesco BulletShares 2027 Hi Yld Corp Bd ETF,
1412,etf,BSJS,Invesco BulletShares 2028 Hi Yld Corp Bd ETF,
1413,etf,BSJT,Invesco BulletShares 2029 Hi Yld Corp Bd ETF,
1414,etf,BSJU,Invesco BulletShares 2030 High Yield Corp Bd ETF,
1417,etf,BSMN,Invesco BulletShares 2023 Municipal Bond ETF,
1418,etf,BSMO,Invesco BulletShares 2024 Municipal Bond ETF,
1419,etf,BSMP,Invesco BulletShares 2025 Municipal Bond ETF,
1420,etf,BSMQ,Invesco BulletShares 2026 Municipal Bond ETF,
1421,etf,BSMR,Invesco BulletShares 2027 Municipal Bond ETF,
1422,etf,BSMS,Invesco BulletShares 2028 Municipal Bond ETF,
1423,etf,BSMT,Invesco BulletShares 2029 Municipal Bond ETF,
1424,etf,BSMU,Invesco BulletShares 2030 Municipal Bond ETF,
1425,etf,BSMV,Invesco BulletShares 2031 Municipal Bond ETF,
1426,etf,BSMW,Invesco BulletShares 2032 Municipal Bond ETF,
1428,etf,BSR,Beacon Selective Risk ETF,
1431,etf,BSTP,Innovator Buffer Step-Up Strategy ETF,
1433,etf,BSV,Vanguard Short-Term Bond Index Fund;ETF,
1435,etf,BSVO,EA Bridgeway Omni Small Cap Value ETF,
1440,,BTAL,AGF US Market Neutral Anti Beta Fund,
1449,etf,BTEC,Principal Healthcare Innovators ETF,
1450,etf,BTEK,BlackRock Future Tech ETF,
1451,etf,BTF,Valkyrie Bitcoin Strategy ETF,
1453,etf,BTHM,BlackRock Future US Themes ETF,
1458,etf,BTR,Beacon Tactical Risk ETF,
1466,etf,BUCK,Simplify Stable Income ETF,
1468,etf,BUFB,Innovator Laddered Allocation Buffer ETF,
1469,etf,BUFD,FT Cboe Vest Fund of Deep Buffer ETFs,
1470,etf,BUFF,Innovator Laddered Allocation Power Buffer ETF,
1471,etf,BUFG,FT Cboe Vest Buffered Allocation Growth ETF,
1472,etf,BUFQ,FT Cboe Vest Fund of Nasdaq-100 Buffer ETFs,
1473,etf,BUFR,FT Cboe Vest Fund of Buffer ETFs,
1474,etf,BUFT,FT Cboe Vest Buffered Allocation Defensive ETF,
1475,etf,BUG,Global X Cybersecurity ETF,
1477,etf,BUL,Pacer US Cash Cows Growth ETF,
1478,etf,BULD,Pacer BlueStar Engineering the Future ETF,
1484,etf,BUYW,Main BuyWrite ETF,
1485,etf,BUYZ,Franklin Disruptive Commerce ETF,
1486,etf,BUZZ,VanEck Social Sentiment ETF,
1505,etf,BWEB,Bitwise Web3 ETF,
1507,etf,BWET,Breakwave Tanker Shipping ETF,
1515,etf,BWX,SPDR Bloomberg International Treasury Bond ETF,
1517,etf,BWZ,SPDR Bloomberg Short Term Intl Treasury Bd ETF,
1528,etf,BYLD,iShares Yield Optimized Bond ETF,
1535,etf,BYOB,SoFi Be Your Own Boss ETF,
1536,etf,BYRE,Principal Real Estate Active Opportunities ETF,
1539,etf,BYTE,Roundhill IO Digital Infrastructure ETF,
1545,,BZQ,ProShares UltraShort MSCI Brazil Capped,
1557,etf,CACG,ClearBridge All Cap Growth ESG ETF,
1565,etf,CAFG,Pacer US Small Cap Cash Cows Growth Leaders ETF,
1571,etf,CALF,Pacer US Small Cap Cash Cows 100 ETF,
1577,etf,CAMX,Cambiar Aggressive Value ETF,
1579,,CANE,Teucrium Sugar Fund,
1583,etf,CAOS,Alpha Architect Tail Risk ETF,
1584,etf,CAPE,DoubleLine Shiller CAPE US Equities ETF,
1595,etf,CARY,Angel Oak Income ETF,
1596,etf,CARZ,First Trust S-Network Future Vehicles & Tech ETF,
1604,etf,CATH,Global X S&P 500 Catholic Values ETF,
1617,etf,CBLS,Changebridge Long Short Equity ETF,
1620,etf,CBON,VanEck China Bond ETF,
1625,etf,CBSE,Changebridge Select Equity ETF,
1656,etf,CCOR,Core Alternative ETF,
1659,etf,CCRV,iShares Commodity Curve Carry Strategy ETF,
1662,etf,CCSO,Carbon Collective Climate Solutions US Eqty ETF,
1675,etf,CDC,VictoryShares US EQ Income Enh Vol Wtd Idx ETF,
1677,etf,CDEI,Calvert US Large Cap Diversity Eqty & Inc Idx ETF,
1679,etf,CDL,VictoryShares US LgCp High Div Vol Wtd Idx ETF,
1690,etf,CDX,Simplify High Yield PLUS Credit Hedge ETF,
1700,etf,CEFA,Global X S&P Catholic Values Developed ex-US ETF,
1702,etf,CEFS,Saba Closed-End Funds ETF,
1713,etf,CEMB,iShares JP Morgan EM Corporate Bond ETF,
1726,etf,CETF,DriveWealth ICE 100 Index ETF,
1735,,CEW,WisdomTree Emerging Currency Strategy Fund,
1737,etf,CFA,VictoryShares US 500 Volatility Wtd Index ETF,
1740,etf,CFCV,ClearBridge Focus Value ESG ETF,
1754,etf,CFO,VictoryShares US 500 Enhanced Volatility Wtd Index ETF,
1765,etf,CGCP,Capital Group Core Plus Income ETF,
1766,etf,CGDV,Capital Group Dividend Value ETF,
1769,etf,CGGO,Capital Group Global Growth Equity ETF,
1770,etf,CGGR,Capital Group Growth ETF,
1771,etf,CGMS,Capital Group US Multi-Sector Inc. ETF,
1772,etf,CGMU,Capital Group Municipal Income ETF,
1777,etf,CGSD,Capital Group Short Duration Inc. ETF,
1779,etf,CGUS,Capital Group Core Equity ETF,
1780,etf,CGV,Conductor Global Equity Value ETF,
1781,etf,CGW,Invesco S&P Global Water Index ETF,
1782,etf,CGXU,Capital Group International Focus Equity ETF,
1784,etf,CHAT,Roundhill Generative AI And Technology ETF,
1785,,CHAU,Direxion Daily CSI 300 China A Share Bull 2X Shs,
1786,etf,CHB,Global X China Biotech Innovation ETF,
1798,etf,CHGX,AXS Change Finance ESG ETF,
1801,etf,CHIC,Global X MSCI China Communication Services ETF,
1802,etf,CHIE,Global X MSCI China Energy ETF,
1803,etf,CHIH,Global X MSCI China Health Care ETF,
1804,etf,CHII,Global X MSCI China Industrials ETF,
1805,etf,CHIK,Global X MSCI China Information Technology ETF,
1806,etf,CHIM,Global X MSCI China Materials ETF,
1807,etf,CHIQ,Global X MSCI China Consumer Discretionary ETF,
1808,etf,CHIR,Global X MSCI China Real Estate ETF,
1809,etf,CHIS,Global X MSCI China Consumer Staples ETF,
1810,etf,CHIU,Global X MSCI China Utilities ETF,
1811,etf,CHIX,Global X MSCI China Financials ETF,
1819,etf,CHNA,Loncar China BioPharma ETF,
1823,etf,CHRG,Enrgy And Mnrls Grp EV Solar And Batt Matrls Ftrs Str ETF,
1843,etf,CIBR,First Trust NASDAQ Cybersecurity ETF,
1844,etf,CID,VictoryShares Internatl High Div Vol Wtd Idx ETF,
1853,etf,CIL,VictoryShares International Volatility Wtd Idx ETF,
1866,etf,CIRC,JPMorgan Sustainable Consumption ETF,
1873,etf,CIZ,VictoryShares Developed Enhanced Vol Wtd Idx ETF,
1889,,CLDL,Direxion Daily Cloud Computing Bull 2X Shares,
1898,etf,CLIA,Veridien Climate Action ETF,
1903,etf,CLIX,ProShares Long Online/Short Stores ETF,
1910,etf,CLNR,IQ Cleaner Transport ETF,
1911,etf,CLOA,BlackRock AAA CLO ETF,
1915,etf,CLOI,VanEck CLO ETF,
1916,etf,CLOU,Global X Cloud Computing ETF,
1918,etf,CLOZ,Panagram BBB-B CLO ETF,
1926,etf,CLRG,IQ Chaikin US Large Cap ETF,
1929,etf,CLSA,Cabana Target Leading Sector Aggressive ETF,
1930,etf,CLSC,Cabana Target Leading Sector Conservative ETF,
1932,etf,CLSE,Convergence Long Short Equity ETF,
1934,etf,CLSM,Cabana Target Leading Sector Moderate ETF,
1936,etf,CLTL,Invesco Treasury Collateral ETF,
1947,etf,CMBS,iShares CMBS ETF,
1956,etf,CMDT,PIMCO Commodity Strategy Active ETF,
1957,,CMDY,iShares Bloomberg Roll Select Commodity Strategy,
1959,etf,CMF,iShares California Muni Bond ETF,
1987,etf,CN,Xtrackers MSCI All China Equity ETF,
1989,etf,CNBS,Amplify Seymour Cannabis ETF,
1991,etf,CNCR,Loncar Cancer Immunotherapy ETF,
2016,etf,CNRG,SPDR S&P Kensho Clean Power ETF,
2030,etf,CNXT,VanEck ChiNext ETF,
2031,etf,CNYA,Ishares Msci China A Etf,
2059,etf,COM,Direxion Auspice Broad Commodity Strategy ETF,
2060,,COMB,GraniteShares Bloomberg Commodity Broad Str No K-1,
2065,etf,COMT,iShares GSCI Commodity Dynamic Roll Strategy ETF,
2066,etf,CONL,GraniteShares 1.5x Long COIN Daily ETF,
2076,etf,COPJ,Sprott Junior Copper Miners ETF,
2077,etf,COPX,Global X Copper Miners ETF,
2078,,CORN,Teucrium Corn Fund,
2079,etf,CORP,PIMCO Investment Grade Corporate Bond Index ETF,
2089,etf,COWG,Pacer US Large Cap Cash Cows Growth Leaders ETF,
2090,etf,COWZ,Pacer US Cash Cows 100 ETF,
2099,,CPER,United States Copper Index Fund,
2104,etf,CPI,IQ Real Return ETF,
2105,etf,CPII,Ionic Inflation Protection ETF,
2126,etf,CQQQ,Invesco China Technology ETF,
2129,etf,CRAK,VanEck Oil Refiners ETF,
2131,etf,CRBN,iShares MSCI ACWI Low Carbon Target ETF,
2143,etf,CRED,Columbia Research Enhanced Real Estate ETF,
2154,etf,CRIT,Optica Rare Earths & Critical Materials ETF,
2166,etf,CRPT,First Trust SkyBridge Crypto Ind and Digi Econ ETF,
2173,etf,CRUZ,Defiance Hotel Airline and Cruise ETF,
2178,etf,CRYP,AdvisorShares Managed Bitcoin Strategy ETF,
2180,etf,CSA,VictoryShares US Small Cap Volatility Wtd Idx ETF,
2182,etf,CSB,VictoryShares US SmCp High Div Vol Wtd Idx ETF,
2185,etf,CSD,Invesco S&P Spin-Off ETF,
2186,etf,CSF,VictoryShares US Discovery Enh Vol Wtd Idx ETF,
2189,etf,CSHI,NEOS Enhanced Income Cash Alternative ETF,
2195,,CSM,ProShares Large Cap Core Plus,
2196,etf,CSML,IQ Chaikin US Small Cap ETF,
2214,etf,CTA,Simplify Managed Futures Strategy ETF,
2221,etf,CTEC,Global X CleanTech ETF,
2222,etf,CTEX,ProShares S&P Kensho Cleantech ETF,
2253,etf,CUBS,Asian Growth Cubs ETF,
2259,,CURE,Direxion Daily Healthcare Bull 3X Shares,
2263,etf,CUT,Invesco MSCI Global Timber ETF,
2267,etf,CVAR,Cultivar ETF,
2276,etf,CVIE,Calvert International Responsible Index ETF,
2280,etf,CVLC,Calvert US Large-Cap Core Responsible Index ETF,
2285,etf,CVMC,Calvert US Mid-Cap Core Responsible Index ETF,
2290,etf,CVSB,Calvert Ultra-Short Investment Grade ETF,
2291,etf,CVSE,Calvert US Select Equity ETF,
2296,etf,CVY,Invesco Zacks Multi-Asset Income ETF,
2299,etf,CWB,SPDR Bloomberg Convertible Securities ETF,
2304,,CWEB,Direxion Daily CSI China Internet Idx Bull 2X Shs,
2308,etf,CWI,SPDR MSCI ACWI ex-US ETF,
2310,etf,CWS,AdvisorShares Focused Equity ETF,
2321,etf,CXSE,WisdomTree Trust China ex State Owned Enterprises ETF,
2324,etf,CYA,Simplify Tail Risk Strategy ETF,
2326,,CYB,WisdomTree Chinese Yuan Strategy Fund,
2341,etf,CZA,Invesco Zacks Mid-Cap ETF,
2353,etf,DALI,First Trust Dorsey Wright DALI 1 ETF,
2356,etf,DALT,Anfield Diversified Alternatives ETF,
2359,etf,DAPP,VanEck Digital Transformation ETF,
2360,etf,DAPR,FT Cboe Vest US Equity Deep Buffer ETF - April,
2364,etf,DAT,ProShares Big Data Refiners ETF,
2366,etf,DAUG,FT Cboe Vest US Equity Deep Buffer ETF - August,
2370,etf,DAX,Global X DAX Germany ETF,
2372,,DBA,Invesco DB Agriculture Fund,
2373,etf,DBAW,Xtrackers MSCI All Wld x US Hdg Eqty ETF,
2374,,DBB,Invesco DB Base Metals Fund,
2375,,DBC,Invesco DB Commodity Index Tracking Fund,
2376,,DBE,Invesco DB Energy Fund,
2377,etf,DBEF,Xtrackers MSCI EAFE Hedged Equity ETF,
2378,etf,DBEH,iMGP DBi Hedge Strategy ETF,
2379,etf,DBEM,Xtrackers MSCI Em Mkts Hdg Eqty ETF,
2380,etf,DBEU,Xtrackers MSCI Europe Hedged Equity ETF,
2381,etf,DBEZ,Xtrackers MSCI Eurozone Hedged Eqty ETF,
2383,etf,DBGR,Xtrackers MSCI Germany Hedged Equity ETF,
2385,etf,DBJA,Innovator Double Stacker 9 Buffer ETF - January,
2386,etf,DBJP,Xtrackers MSCI Japan Hedged Equity ETF,
2388,etf,DBMF,iMGP DBi Managed Futures Strategy ETF,
2389,etf,DBND,DoubleLine Opportunistic Bond ETF,
2390,,DBO,Invesco DB Oil Fund,
2391,etf,DBOC,Innovator Double Stacker 9 Buffer ETF - October,
2392,,DBP,Invesco DB Precious Metals Fund,
2406,etf,DCMB,DoubleLine Commercial Real Estate ETF,
2417,etf,DDEC,FT Cboe Vest US Equity Deep Buffer ETF - December,
2419,etf,DDIV,First Trust Dorsey Wright Momentum & Dividend ETF,
2421,,DDLS,WisdomTree Dynamic Currency Hdg Intl SmallCap Eqty,
2422,,DDM,ProShares Ultra Dow30,
2426,,DDWM,WisdomTree Dynamic Currency Hedged Intl Equity,
2432,etf,DECT,AllianzIM US Large Cap Buffer10 Dec ETF,
2433,etf,DECW,AllianzIM US Large Cap Buffer20 Dec ETF,
2434,etf,DECZ,TrueShares Structured Outcome ETF,
2435,etf,DEED,First Trust TCW Securitized Plus ETF,
2436,etf,DEEF,Xtrackers FTSE Developed ex US Multifactor ETF,
2437,etf,DEEP,Roundhill Acquirers Deep Value ETF,
2438,etf,DEF,Invesco Defensive Equity ETF,
2439,etf,DEFI,Hashdex Bitcoin Futures ETF,
2440,etf,DEHP,DFA Dimensional Emerging Mkts High Proftblty ETF,
2442,etf,DEIF,Sterling Capital Diverse Multi-Manager Active ETF,
2444,,DEM,WisdomTree Emerging Markets High Dividend Fund,
2445,etf,DEMZ,Democratic Large Cap Core ETF,
2450,,DES,WisdomTree US SmallCap Dividend Fund,
2452,etf,DEUS,Xtrackers Russell US Multifactor ETF,
2453,,DEW,WisdomTree Global High Dividend Fund,
2454,etf,DFAC,Dimensional U S Core Equity 2 ETF,
2455,etf,DFAE,DFA Dimensional Emerging Core Equity Market ETF,
2456,,DFAI,DFA Dimensional International Core Equity Market,
2457,etf,DFAR,DFA Dimensional US Real Estate ETF,
2458,etf,DFAS,Dimensional U S Small Cap ETF,
2459,etf,DFAT,Dimensional U S Targeted Value ETF,
2460,etf,DFAU,DFA Dimensional US Core Equity Market ETF,
2461,etf,DFAX,Dimensional World ex U S Core Equity 2 ETF,
2462,etf,DFCF,DFA Dimensional Core Fixed Income ETF,
2463,etf,DFE,WisdomTree Europe SmallCap Dividend ETF,
2464,etf,DFEB,FT Cboe Vest US Equity Deep Buffer ETF - February,
2465,etf,DFEM,DFA Dimensional Emerging Markets Core Equity 2 ETF,
2466,,DFEN,Direxion Daily Aerospace & Defense Bull 3X Shares,
2467,etf,DFEV,DFA Dimensional Emerging Markets Value ETF,
2469,etf,DFGR,DFA Dimensional Global Real Estate ETF,
2471,etf,DFHY,Donoghue Forlines Tactical High Yield ETF,
2472,etf,DFIC,DFA Dimensional International Core Equity 2 ETF,
2474,etf,DFIP,DFA Dimensional Inflation-Protected Securities ETF,
2475,etf,DFIS,DFA Dimensional International Small Cap ETF,
2476,etf,DFIV,Dimensional International Value ETF,
2477,etf,DFJ,WisdomTree Japan SmallCap Dividend ETF,
2479,etf,DFLV,DFA Dimensional US Large Cap Value ETF,
2480,etf,DFND,Siren DIVCON Dividend Defender ETF,
2481,etf,DFNL,Davis Select Financial ETF,
2482,etf,DFNM,DFA Dimensional National Municipal Bond ETF,
2483,etf,DFNV,Donoghue Forlines Risk Managed Innovation ETF,
2485,etf,DFRA,Donoghue Forlines Yield Enhanced Real Asset ETF,
2487,etf,DFSB,DFA Dimensional Glbl Sustainability Fx Inc ETF,
2488,etf,DFSD,DFA Dimensional Short-Duration Fixed Income ETF,
2489,etf,DFSE,Dimensional Emg Mkts Sustainability Core 1 ETF,
2490,etf,DFSI,Dimensional Intl Sustainability Core 1 ETF,
2491,etf,DFSU,Dimensional US Sustainability Core 1 ETF,
2492,etf,DFSV,DFA Dimensional US Small Cap Value ETF,
2493,etf,DFUS,Dimensional U S Equity ETF,
2494,etf,DFUV,DFA Dimensional US Marketwide Value ETF,
2500,etf,DGIN,VanEck Digital India ETF,
2503,,DGRE,WisdomTree Emerging Markets Quality Dividend Gro,
2504,etf,DGRO,iShares Core Dividend Growth ETF,
2505,,DGRS,WisdomTree US SmallCap Quality Dividend Growth,
2506,,DGRW,WisdomTree US Quality Dividend Growth Fund,
2507,,DGS,WisdomTree Emerging Markets SmallCap Dividend Fund,
2508,etf,DGT,SPDR Global Dow ETF,
2523,,DHS,WisdomTree US High Dividend Fund,
2527,etf,DIA,SPDR Dow Jones Industrial Average ETF Trust,
2528,etf,DIAL,Columbia Diversified Fixed Income Allocation ETF,
2532,etf,DIEM,Franklin Emerging Market Core Dividend Tilt Ix ETF,
2533,,DIG,ProShares Ultra Energy,
2534,etf,DIHP,DFA Dimensional Internatl High Profitability ETF,
2535,etf,DIM,WisdomTree International MidCap Dividend ETF,
2538,etf,DINT,Davis Select International ETF,
2540,etf,DIP,BTD Capital ETF,
2547,etf,DISV,DFA Dimensional International Small Cap Value ETF,
2549,etf,DIV,Global X SuperDividend US ETF,
2550,etf,DIVB,iShares Core Dividend ETF,
2551,etf,DIVD,Altrius Global Dividend ETF,
2552,etf,DIVI,Franklin International Core Dividend Tilt Idx ETF,
2553,etf,DIVO,Amplify CWP Enhanced Dividend Income ETF,
2554,etf,DIVS,SmartETFs Dividend Builder ETF,
2555,etf,DIVY,Sound Equity Income ETF,
2556,etf,DIVZ,TrueShares Low Volatility Equity Income ETF,
2557,etf,DJAN,FT Cboe Vest US Equity Deep Buffer ETF - January,
2560,etf,DJD,Invesco Dow Jones Industrial Average Div ETF,
2561,etf,DJIA,Global X Dow 30 Covered Call ETF,
2563,etf,DJUL,FT Cboe Vest US Equity Deep Buffer ETF - July,
2564,etf,DJUN,FT Cboe Vest US Equity Deep Buffer ETF - June,
2570,etf,DKRB,Subversive Decarbonization ETF,
2575,,DLN,WisdomTree US LargeCap Dividend Fund,
2585,etf,DLS,WisdomTree International SmallCap Dividend ETF,
2595,etf,DMAR,FT Cboe Vest US Equity Deep Buffer ETF - March,
2596,etf,DMAT,Global X Disruptive Materials ETF,
2597,etf,DMAY,FT Cboe Vest US Equity Deep Buffer ETF - May,
2599,etf,DMBS,DoubleLine Mortgage ETF,
2600,,DMCY,Democracy International Fund,
2601,etf,DMDV,AAM S&P Developed Markets High Dividend Value ETF,
2608,etf,DMXF,iShares ESG Advanced MSCI EAFE ETF,
2615,,DNL,WisdomTree Global ex-US Quality Dividend Growth,
2619,etf,DNOV,FT Cboe Vest US Equity Deep Buffer ETF - November,
2627,etf,DOCT,FT Cboe Vest US Equity Deep Buffer ETF - October,
2629,,DOG,ProShares Short Dow30,
2630,etf,DOGG,FT Cboe Vest DJIA Dogs 10 Target Income ETF,
2632,etf,DOL,WisdomTree Intenational LargeCap Dividend ETF,
2637,,DON,WisdomTree US MidCap Dividend Fund,
2651,,DPST,Direxion Daily Regional Banks Bull 3X Shares,
2660,,DRIP,Direxion Daily S&P Oil And Gas Exp And Prod Br 2X Shs,
2661,etf,DRIV,Global X Autonomous And Electric Vehicles ETF,
2662,etf,DRLL,Strive US Energy ETF,
2664,,DRN,Direxion Daily Real Estate Bull 3X Shares,
2668,etf,DRSK,Aptus Defined Risk ETF,
2672,,DRV,Direxion Daily Real Estate Bear 3X Shares,
2676,etf,DSCF,Discipline Fund ETF,
2677,etf,DSEP,FT Cboe Vest US Equity Deep Buffer ETF - September,
2682,etf,DSI,iShares MSCI KLD 400 Social ETF,
2683,etf,DSJA,Innovator Double Stacker ETF - January,
2687,etf,DSMC,Distillate Small/Mid Cash Flow ETF,
2688,etf,DSOC,Innovator Double Stacker ETF - October,
2691,etf,DSTL,Distillate US Fundamental Stability & Value ETF,
2692,etf,DSTX,Distillate International Fundmntl Stblty & Val ETF,
2700,,DTD,WisdomTree US Total Dividend Fund,
2702,etf,DTEC,ALPS Disruptive Technologies ETF,
2705,,DTH,WisdomTree International High Dividend,
2710,,DTRE,First Trust Alerian Disruptive Technology Real Est,
2714,etf,DUDE,MerlynAI SectorSurfer Momentum ETF,
2717,,DUG,ProShares UltraShort Energy,
2718,etf,DUHP,DFA Dimensional US High Profitability ETF,
2728,etf,DURA,VanEck Morningstar Durable High Dividend ETF,
2729,etf,DUSA,Davis Select US Equity ETF,
2730,,DUSL,Direxion Daily Industrials Bull 3X Shares,
2731,,DUST,Direxion Daily Gold Miners Index Bear 2X Shares,
2734,etf,DVAL,BrandywineGlobal Dynamic US Large Cap Value ETF,
2736,etf,DVLU,First Trust Dorsey Wright Momentum & Value ETF,
2738,etf,DVND,Touchstone Dividend Select ETF,
2739,etf,DVOL,First Trust Dorsey Wright Momentum & Low Vol ETF,
2740,etf,DVY,iShares Select Dividend ETF,
2741,etf,DVYA,iShares Asia/Pacific Dividend ETF,
2742,etf,DVYE,iShares Emerging Markets Dividend ETF,
2745,etf,DWAS,Invesco DWA SmallCap Momentum ETF,
2746,etf,DWAT,Arrow DWA Tactical Macro ETF,
2747,etf,DWAW,AdvisorShares Dorsey Wright FSM All Cap World ETF,
2748,etf,DWCR,Arrow DWA Tactical International ETF,
2749,etf,DWLD,Davis Select Worldwide ETF,
2750,,DWM,WisdomTree International Equity Fund,
2751,etf,DWMC,AdvisorShares Dorsey Wright Small Company ETF,
2752,,DWMF,WisdomTree International Multifactor Fund,
2753,etf,DWSH,AdvisorShares Dorsey Wright Short ETF,
2755,etf,DWUS,AdvisorShares Dorsey Wright US Core ETF,
2756,etf,DWX,SPDR S&P International Dividend ETF,
2761,,DXD,ProShares UltraShort Dow30,
2763,,DXGE,WisdomTree Germany Hedged Equity Fund,
2764,etf,DXJ,WisdomTree Japan Hedged Equity ETF,
2765,,DXJS,WisdomTree Japan Hedged SmallCap Equity Fund,
2772,etf,DYLD,LeaderShares Dynamic Yield ETF,
2774,etf,DYNF,BlackRock US Equity Factor Rotation ETF,
2776,etf,DYTA,SGI Dynamic Tactical ETF,
2785,etf,EAFD,Simplify Developed Ex-US PLUS Downside Convxty ETF,
2786,etf,EAGG,iShares ESG Aware US Aggregate Bond ETF,
2788,etf,EAOA,iShares ESG Aware Aggressive Allocation ETF,
2789,etf,EAOK,iShares ESG Aware Conservative Allocation ETF,
2790,etf,EAOM,iShares ESG Aware Moderate Allocation ETF,
2791,etf,EAOR,iShares ESG Aware Growth Allocation ETF,
2792,etf,EAPR,Innovator Emerging Markets Power Buffer ETF - Apr,
2795,etf,EASG,Xtrackers MSCI EAFE ESG Leaders Equity ETF,
2798,etf,EATV,VegTech Plant-based Innovation & Climate ETF,
2799,etf,EATZ,AdvisorShares Restaurant ETF,
2806,etf,EBIZ,Global X E-commerce ETF,
2807,etf,EBLU,Ecofin Global Water ESG ETF,
2809,etf,EBND,SPDR Bloomberg Emerging Markets Local Bond ETF,
2826,etf,ECH,iShares MSCI Chile ETF,
2828,etf,ECLN,First Trust EIP Carbon Impact ETF,
2829,etf,ECML,Euclidean Fundamental Value ETF,
2830,etf,ECNS,iShares MSCI China Small-Cap ETF,
2831,etf,ECON,Columbia Emerging Markets Consumer ETF,
2833,etf,ECOW,Pacer Emerging Markets Cash Cows 100 ETF,
2834,etf,ECOZ,TrueShares ESG Active Opportunities ETF,
2841,,EDC,Direxion Daily MSCI Emerging Markets Bull 3x Shs,
2843,etf,EDEN,Ishares Msci Denmark ETF,
2847,etf,EDIV,SPDR S&P Emerging Markets Dividend ETF,
2849,etf,EDOC,Global X Telemedicine And Digital Health ETF,
2850,etf,EDOG,ALPS Emerging Sector Dividend Dogs ETF,
2851,etf,EDOW,First Trust Dow 30 Equal Weight ETF,
2860,etf,EDUT,Global X Education ETF,
2861,etf,EDV,Vanguard Extended Duration ETF,
2862,etf,EDZ,Direxion Daily MSCI Emerging Markets Bear 3x Shs ETF,
2867,etf,EELV,Invesco S&P Emerging Markets Low Volatility ETF,
2868,etf,EEM,iShares MSCI Emerging Markets ETF,
2869,etf,EEMA,iShares MSCI Emerging Markets Asia ETF,
2870,etf,EEMD,Aam S&P Emerging Markets High Dividend Value ETF,
2871,etf,EEMO,Invesco S&P Emerging Markets Momentum ETF,
2872,etf,EEMS,iShares MSCI Emerging Markets Small-Cap ETF,
2873,etf,EEMV,iShares MSCI Emerging Markets Min Vol Factor ETF,
2874,etf,EEMX,SPDR MSCI Emerg Mkts Fossil Fuel Reserves Free ETF,
2875,,EES,WisdomTree US SmallCap Fund,
2876,,EET,ProShares Ultra MSCI Emg Mkts,
2877,,EEV,ProShares UltraShort MSCI Emerging Markets,
2879,etf,EFA,iShares MSCI EAFE ETF,
2880,etf,EFAD,ProShares MSCI EAFE Dividend Growers ETF,
2881,etf,EFAS,Global X MSCI SuperDividend EAFE ETF,
2882,etf,EFAV,iShares MSCI EAFE Min Vol Factor ETF,
2883,etf,EFAX,SPDR MSCI EAFE Fossil Fuel Reserves Free ETF,
2888,etf,EFG,iShares MSCI EAFE Growth ETF,
2891,etf,EFIV,SPDR S And P 500 ESG ETF,
2892,etf,EFIX,First Trust TCW Emerging Markets Debt ETF,
2893,etf,EFNL,Ishares Msci Finland Etf,
2894,,EFO,ProShares Ultra MSCI EAFE,
2897,etf,EFRA,iShares Environmental Infra and Indus ETF,
2903,etf,EFU,ProShares UltraShort MSCI EAFE ETF,
2904,etf,EFV,iShares MSCI EAFE Value ETF,
2907,,EFZ,ProShares Short MSCI EAFE,
2915,etf,EGIS,2ndVote Society Defended ETF,
2920,etf,EGPT,VanEck Egypt Index ETF,
2922,etf,EGUS,iShares ESG Aware MSCI USA Growth ETF,
2931,etf,EIDO,iShares MSCI Indonesia ETF,
2935,etf,EINC,VanEck Energy Income ETF,
2936,etf,EIPX,FT Energy Income Partners Strategy ETF,
2937,etf,EIRL,Ishares Msci Ireland ETF,
2938,etf,EIS,Ishares Msci Israel ETF,
2940,etf,EJAN,Innovator Emerging Markets Power Buffer ETF - Jan,
2942,etf,EJUL,Innovator Emerging Markets Power Buffer ETF - Jul,
2943,etf,EKG,First Trust Nasdaq Lux Digi Health Solutions ETF,
2950,etf,ELD,WisdomTree Emerging Markets Local Debt ETF,
2959,etf,ELQD,iShares ESG Advanced Investment Grade Corp Bd ETF,
2970,etf,EMB,iShares JPMorgan USD Emerging Markets Bond ETF,
2972,etf,EMBD,Global X Emerging Markets Bond ETF,
2974,etf,EMC,Global X Emerging Markets Great Consumer ETF,
2975,etf,EMCA,Emerge EMPWR Sustainable Dividend Equity ETF,
2976,,EMCB,WisdomTree Emerging Markets Corporate Bond Fund,
2980,etf,EMCH,Emerge EMPWR Sustainable Emerging Markets Eqty ETF,
2981,etf,EMCR,Xtrackers Emg Mkt Carbon Reduction and Cl Imp ETF,
2983,etf,EMDM,First Trust Bloomberg Emerging Mkt Democracies ETF,
2984,etf,EMDV,ProShares MSCI Emerging Markets Dividend Grwrs ETF,
2987,etf,EMFM,Global X MSCI Next Emerging & Frontier ETF,
2988,etf,EMFQ,Amplify Emerging Markets FinTech ETF,
2989,etf,EMGC,Emerge EMPWR Sustainable Select Growth Equity ETF,
2990,etf,EMGD,Simplify Emerging Mkts Eqty PLUS Downside Conv ETF,
2991,etf,EMGF,iShares Emerging Markets Equity Factor ETF,
2992,etf,EMHC,SPDR Bloomberg Emerging Markets USD Bond ETF,
2993,etf,EMHY,iShares JP Morgan EM High Yield Bond ETF,
2994,etf,EMIF,iShares Emerg Markets Infrastructure ETF,
2997,etf,EMLC,VanEck JP Morgan EM Local Currency Bond ETF,
