i,코드,이름,
1010,BDCX,ETRACS Quarterly Pay 1.5X Leveraged MVIS BDC Index ETN due June 10 2050
1011,BDCZ,UBS ETRACS Wells Fargo Bus Deve Comp Index ETN Series B due 26 April 2041
1035,BENF,베네피션트
1039,BEPH,Brookfield BRP Holdings 4 625 Perpetual Subordinated Notes
1040,BEPI,Brookfield BRP Holdings Canada 4 875 Perpetual Subordinated Notes
1042,BERZ,Bank of Montreal MicroSectors FANG & Innovation 3x Inverse Leveraged ETN
1072,BGH,Barings Global Short Duration High Yield Fund
1121,BIGZ,BlackRock Innovation and Growth Term Closed End Fund
1138,BIP PR A,Brookfield Infrastructure 5 125 Class A Limited Partnership Pref Units Series 13
1139,BIP PR B,Brookfield Infrastructure Partners PFD Units
1141,BIPH,Brookfield Infrastructure Fin Sub Notes
1142,BIPI,BIP Bermuda Holdings I 5 125 Perpetual Subordinated Notes
1170,BKDT,BROOKDALE SR LIVING Units
1259,BMN,BlackRock 2037 Municipal Target Term Trust
1278,BNH,Brookfield Finance 4 625 Subordinated Notes due October 16 2080
1281,BNJ,Brookfield Finance I 4 50 Perpetual Subordinated Notes
1329,BPOPM,파퓰러 캐피탈 트러스트 II 우선주 6.125%
1334,BPYPM,브룩필드 프로퍼티 우선주 6.25%
1381,BRW,Saba Capital Income & Opportunities Fund
1455,BTMD,바이오티
1476,BUI,BlackRock Utilities Infrastructure & Power Oppty
1479,BULZ,Bank of Montreal MicroSectors FANG Innovation 3x Leveraged ETN
1502,BWBBP,브릿지워터 뱅크쉐어스 우선주 시리즈 A 5.875%
1550,C PR N,씨티그룹 캐피탈 XIII 우선주
1614,CBH,Virtus Convertible and Income 2024 Target Term Fund
1629,CBUS,시버스
1640,CCEL,크라이오-셀 인터내셔널
1647,CCLD,케어 클라우드
1648,CCLDO,케어 클라우드 우선주 시리즈 B 8.75%
1649,CCLDP,케어 클라우드 우선주 시리즈 A 11%
1694,CDZIP,카디즈 우선주 8.875%
1701,CEFD,ETRACS Monthly Pay 1.5X Leveraged Closed End Fund Index ETN
1714,CEN,Center Coast Brookfield MLP And Energy Infras Fund
1875,CJET,치젯 모터
1887,CLBT,셀레브라이트
2013,CNOBP,커넥트원 뱅코프 우선주 시리즈 A 5.25%
2025,CNVS,시네버스
2049,COGT,코젠트 바이오사이언시스
2064,COMSP,컴소버린 홀딩 우선주 시리즈 A 9.25%
2124,CPZ,Calamos Long Short Equity Dynamic Income Trust Closed Fund
2236,CTR,ClearBridge MLP and Midstream Total Return Closed End Fund
2247,CUBA,Herzfeld Caribbean Basin Closed Fund
2339,CYTO,알타미라 테라퓨틱스
2344,CZOO,카주 그룹
2387,DBL,DoubleLine Opportunistic Credit Fund
2402,DCF,BNY Mellon Alcentra Global Crdt Inc 2024 Tgt Tr Fd
2425,DDT,딜라드 캐피탈 트러스트 I
2502,DGP,DB Gold Double Long ETN Exp 15 Feb 2038
2510,DGZ,DB Gold Short ETN Exp 15 Feb 2038
2537,DINO,HF 싱클레어
2558,DJCB,ETRACS Bloomberg Commodity Index Total Return ETN Series B Due 31 Oct 2039
2590,DM,데스크탑 메탈
2591,DMA,Destra Multi-Alternative Fund
2634,DOMA,도마 홀딩스
2722,DULL,MicroSectors Gold 3X Inverse Leveraged ETN due January 29 2043
2778,DZZ,DB Gold Double Short ETN Exp 15 Feb 2038
2816,ECAT,BlackRock ESG Capital Allocation Term Closed End Fund
2819,ECC PR D,이글 포인트 크레딧 컴퍼니 우선주 시리즈 D 6.75%
2821,ECCV,Eagle Point Credit Company 5 375 Notes due 2029
2845,EDI,Virtus Stone Harbor Emerging Markets Total Income
2886,EFC PR B,엘링턴 파이낸셜 우선주 시리즈 B 6.25%
2887,EFC PR C,엘링턴 파이낸셜 우선주 시리즈 C
2916,EGLE,이글 벌크 쉬핑
2963,ELTX,앤지온 바이오메디카
